-- phpMyAdmin SQL Dump
-- version 5.2.0
-- https://www.phpmyadmin.net/
--
-- Servidor: 127.0.0.1
-- Tiempo de generación: 24-11-2023 a las 14:14:16
-- Versión del servidor: 10.4.27-MariaDB
-- Versión de PHP: 8.2.0

SET SQL_MODE = "NO_AUTO_VALUE_ON_ZERO";
START TRANSACTION;
SET time_zone = "+00:00";


/*!40101 SET @OLD_CHARACTER_SET_CLIENT=@@CHARACTER_SET_CLIENT */;
/*!40101 SET @OLD_CHARACTER_SET_RESULTS=@@CHARACTER_SET_RESULTS */;
/*!40101 SET @OLD_COLLATION_CONNECTION=@@COLLATION_CONNECTION */;
/*!40101 SET NAMES utf8mb4 */;

--
-- Base de datos: `blog`
--

-- --------------------------------------------------------

--
-- Estructura de tabla para la tabla `categories`
--

CREATE TABLE `categories` (
  `id` bigint(20) UNSIGNED NOT NULL,
  `name` varchar(255) NOT NULL,
  `created_at` timestamp NULL DEFAULT NULL,
  `updated_at` timestamp NULL DEFAULT NULL
) ENGINE=InnoDB DEFAULT CHARSET=utf8mb4 COLLATE=utf8mb4_unicode_ci;

--
-- Volcado de datos para la tabla `categories`
--

INSERT INTO `categories` (`id`, `name`, `created_at`, `updated_at`) VALUES
(1, 'est', '2023-11-09 00:20:26', '2023-11-09 00:20:26'),
(2, 'ipsam', '2023-11-09 00:20:26', '2023-11-09 00:20:26'),
(3, 'repellendus', '2023-11-09 00:20:26', '2023-11-09 00:20:26'),
(4, 'eveniet', '2023-11-09 00:20:26', '2023-11-09 00:20:26'),
(5, 'nulla', '2023-11-09 00:20:26', '2023-11-09 00:20:26');

-- --------------------------------------------------------

--
-- Estructura de tabla para la tabla `comments`
--

CREATE TABLE `comments` (
  `id` bigint(20) UNSIGNED NOT NULL,
  `body` text NOT NULL,
  `user_id` bigint(20) UNSIGNED NOT NULL,
  `commentable_type` varchar(255) NOT NULL,
  `commentable_id` bigint(20) UNSIGNED NOT NULL,
  `created_at` timestamp NULL DEFAULT NULL,
  `updated_at` timestamp NULL DEFAULT NULL
) ENGINE=InnoDB DEFAULT CHARSET=utf8mb4 COLLATE=utf8mb4_unicode_ci;

-- --------------------------------------------------------

--
-- Estructura de tabla para la tabla `failed_jobs`
--

CREATE TABLE `failed_jobs` (
  `id` bigint(20) UNSIGNED NOT NULL,
  `uuid` varchar(255) NOT NULL,
  `connection` text NOT NULL,
  `queue` text NOT NULL,
  `payload` longtext NOT NULL,
  `exception` longtext NOT NULL,
  `failed_at` timestamp NOT NULL DEFAULT current_timestamp()
) ENGINE=InnoDB DEFAULT CHARSET=utf8mb4 COLLATE=utf8mb4_unicode_ci;

-- --------------------------------------------------------

--
-- Estructura de tabla para la tabla `images`
--

CREATE TABLE `images` (
  `id` bigint(20) UNSIGNED NOT NULL,
  `path` varchar(255) NOT NULL,
  `imageable_type` varchar(255) NOT NULL,
  `imageable_id` bigint(20) UNSIGNED NOT NULL,
  `created_at` timestamp NULL DEFAULT NULL,
  `updated_at` timestamp NULL DEFAULT NULL
) ENGINE=InnoDB DEFAULT CHARSET=utf8mb4 COLLATE=utf8mb4_unicode_ci;

-- --------------------------------------------------------

--
-- Estructura de tabla para la tabla `migrations`
--

CREATE TABLE `migrations` (
  `id` int(10) UNSIGNED NOT NULL,
  `migration` varchar(255) NOT NULL,
  `batch` int(11) NOT NULL
) ENGINE=InnoDB DEFAULT CHARSET=utf8mb4 COLLATE=utf8mb4_unicode_ci;

--
-- Volcado de datos para la tabla `migrations`
--

INSERT INTO `migrations` (`id`, `migration`, `batch`) VALUES
(1, '2014_10_12_000000_create_users_table', 1),
(2, '2014_10_12_100000_create_password_reset_tokens_table', 1),
(3, '2014_10_12_200000_add_two_factor_columns_to_users_table', 1),
(4, '2019_08_19_000000_create_failed_jobs_table', 1),
(5, '2019_12_14_000001_create_personal_access_tokens_table', 1),
(6, '2023_08_16_045428_create_sessions_table', 1),
(7, '2023_08_17_163757_create_categories_table', 1),
(8, '2023_08_17_163851_create_posts_table', 1),
(9, '2023_08_17_164356_create_tags_table', 1),
(10, '2023_08_17_164442_create_taggables_table', 1),
(11, '2023_08_17_164610_create_comments_table', 1),
(12, '2023_08_17_164749_create_images_table', 1),
(13, '2023_10_30_211016_add_is_admin_to_users', 1),
(14, '2023_10_30_234440_remove_is_admin_from_users', 1),
(15, '2023_11_02_022707_create_permission_tables', 1);

-- --------------------------------------------------------

--
-- Estructura de tabla para la tabla `model_has_permissions`
--

CREATE TABLE `model_has_permissions` (
  `permission_id` bigint(20) UNSIGNED NOT NULL,
  `model_type` varchar(255) NOT NULL,
  `model_id` bigint(20) UNSIGNED NOT NULL
) ENGINE=InnoDB DEFAULT CHARSET=utf8mb4 COLLATE=utf8mb4_unicode_ci;

-- --------------------------------------------------------

--
-- Estructura de tabla para la tabla `model_has_roles`
--

CREATE TABLE `model_has_roles` (
  `role_id` bigint(20) UNSIGNED NOT NULL,
  `model_type` varchar(255) NOT NULL,
  `model_id` bigint(20) UNSIGNED NOT NULL
) ENGINE=InnoDB DEFAULT CHARSET=utf8mb4 COLLATE=utf8mb4_unicode_ci;

--
-- Volcado de datos para la tabla `model_has_roles`
--

INSERT INTO `model_has_roles` (`role_id`, `model_type`, `model_id`) VALUES
(1, 'App\\Models\\User', 1),
(1, 'App\\Models\\User', 2),
(2, 'App\\Models\\User', 3),
(2, 'App\\Models\\User', 4);

-- --------------------------------------------------------

--
-- Estructura de tabla para la tabla `password_reset_tokens`
--

CREATE TABLE `password_reset_tokens` (
  `email` varchar(255) NOT NULL,
  `token` varchar(255) NOT NULL,
  `created_at` timestamp NULL DEFAULT NULL
) ENGINE=InnoDB DEFAULT CHARSET=utf8mb4 COLLATE=utf8mb4_unicode_ci;

-- --------------------------------------------------------

--
-- Estructura de tabla para la tabla `permissions`
--

CREATE TABLE `permissions` (
  `id` bigint(20) UNSIGNED NOT NULL,
  `name` varchar(255) NOT NULL,
  `guard_name` varchar(255) NOT NULL,
  `created_at` timestamp NULL DEFAULT NULL,
  `updated_at` timestamp NULL DEFAULT NULL
) ENGINE=InnoDB DEFAULT CHARSET=utf8mb4 COLLATE=utf8mb4_unicode_ci;

--
-- Volcado de datos para la tabla `permissions`
--

INSERT INTO `permissions` (`id`, `name`, `guard_name`, `created_at`, `updated_at`) VALUES
(1, 'acceso dashboard', 'web', '2023-11-09 00:24:43', '2023-11-09 00:24:43'),
(2, 'acceso categorias', 'web', '2023-11-09 00:24:56', '2023-11-09 00:24:56'),
(3, 'acceso articulos', 'web', '2023-11-09 00:25:08', '2023-11-09 00:25:08'),
(4, 'acceso roles', 'web', '2023-11-09 00:25:22', '2023-11-09 00:25:22'),
(5, 'acceso permisos', 'web', '2023-11-09 00:25:34', '2023-11-09 00:26:07'),
(6, 'acceso usuarios', 'web', '2023-11-09 00:26:22', '2023-11-09 00:26:22');

-- --------------------------------------------------------

--
-- Estructura de tabla para la tabla `personal_access_tokens`
--

CREATE TABLE `personal_access_tokens` (
  `id` bigint(20) UNSIGNED NOT NULL,
  `tokenable_type` varchar(255) NOT NULL,
  `tokenable_id` bigint(20) UNSIGNED NOT NULL,
  `name` varchar(255) NOT NULL,
  `token` varchar(64) NOT NULL,
  `abilities` text DEFAULT NULL,
  `last_used_at` timestamp NULL DEFAULT NULL,
  `expires_at` timestamp NULL DEFAULT NULL,
  `created_at` timestamp NULL DEFAULT NULL,
  `updated_at` timestamp NULL DEFAULT NULL
) ENGINE=InnoDB DEFAULT CHARSET=utf8mb4 COLLATE=utf8mb4_unicode_ci;

-- --------------------------------------------------------

--
-- Estructura de tabla para la tabla `posts`
--

CREATE TABLE `posts` (
  `id` bigint(20) UNSIGNED NOT NULL,
  `title` varchar(255) NOT NULL,
  `slug` varchar(255) NOT NULL,
  `excerpt` text DEFAULT NULL,
  `body` mediumtext DEFAULT NULL,
  `image_path` varchar(255) DEFAULT NULL,
  `published` tinyint(1) NOT NULL DEFAULT 0,
  `category_id` bigint(20) UNSIGNED NOT NULL,
  `user_id` bigint(20) UNSIGNED NOT NULL,
  `published_at` timestamp NULL DEFAULT NULL,
  `created_at` timestamp NULL DEFAULT NULL,
  `updated_at` timestamp NULL DEFAULT NULL
) ENGINE=InnoDB DEFAULT CHARSET=utf8mb4 COLLATE=utf8mb4_unicode_ci;

--
-- Volcado de datos para la tabla `posts`
--

INSERT INTO `posts` (`id`, `title`, `slug`, `excerpt`, `body`, `image_path`, `published`, `category_id`, `user_id`, `published_at`, `created_at`, `updated_at`) VALUES
(1, 'facilis nulla voluptatum rerum tenetur aut dolor fugiat.', 'quia-porro-sunt-nulla-id-tempore-modi-et', 'Eos natus voluptates consectetur provident. Placeat tenetur quae et occaecati et cum. Reiciendis sed fugit est est tempore ipsum optio officiis.', 'Ipsam rerum illum inventore similique voluptatem molestiae officiis. Asperiores et impedit aliquid explicabo quisquam. Facere aliquid ex ut rerum asperiores qui. Beatae et minus dignissimos id error. Magnam voluptatem quis aut non doloribus debitis. Et dolores placeat velit fuga omnis magni molestiae. Dolor rerum aut sunt id aspernatur aut placeat. Consectetur et rerum est quasi molestiae minus. Id iusto ut ipsam blanditiis numquam quo voluptas quis. Ducimus voluptatum fuga numquam ipsa. Architecto nemo est qui voluptatem. Ullam in aut suscipit reiciendis iure earum aliquid. Itaque molestiae rerum et officiis consequatur sit quo. Et ut laudantium qui id. Et repellat nihil aliquam. Dolorem dolore est quo tempore aut. Sint repellat sit molestias. Ea voluptatibus odit est voluptate odio. Vel voluptatibus officia maiores vitae explicabo hic dolorem. Itaque rerum consequuntur accusamus. Quo voluptas et officia provident natus occaecati et. Quidem rerum rem labore saepe qui repellat voluptate. Vel culpa qui pariatur illo debitis quia incidunt. Quod et incidunt distinctio distinctio officia quisquam adipisci. Aut esse accusamus qui ratione fugiat. Ut dolorem ea voluptatem doloribus quo odit nisi et. Dolores illum error nesciunt aut harum. Soluta aut fuga laudantium saepe eius sapiente autem voluptatem. Dolores nobis quo eaque ea quisquam minima autem. Non sint provident nesciunt qui reiciendis qui. Et eum natus dolor aspernatur. Soluta et voluptatum saepe qui qui et velit. Pariatur sint molestiae distinctio veritatis aut dolore. Consequatur odit totam rem quidem laboriosam sit. Nisi totam est cumque nisi assumenda voluptas. Vitae rerum qui et accusantium. Pariatur et molestiae qui. Ut non repellat ut corporis. Corrupti in animi occaecati et voluptate. Ut possimus quod voluptatem dolores. Officia et est eligendi eum sit voluptas. Omnis voluptatem nihil necessitatibus fugiat officiis.', 'https://via.placeholder.com/1280x720.png/00aa22?text=et', 0, 1, 4, NULL, '2023-11-09 00:20:26', '2023-11-09 00:20:26'),
(2, 'fuga deserunt architecto autem suscipit ex nemo doloremque.', 'itaque-officia-cum-optio-quaerat-debitis-dolore', 'Qui non facere cumque id voluptatem alias. Nesciunt similique accusantium nisi. Et et omnis saepe consequatur ut.', 'In delectus doloribus mollitia vero cum. Numquam quasi amet omnis quidem iure vel inventore sed. Eaque illo ratione officiis reiciendis. Eum exercitationem qui rerum voluptate itaque totam unde. Expedita voluptatem et eligendi est doloribus. Ipsam optio provident accusamus ut veniam ducimus. Totam deleniti magnam ut. Nesciunt repellat a molestiae molestiae rem et possimus nobis. Voluptatem molestiae doloremque similique natus aspernatur iusto voluptate. Aut corporis qui quasi temporibus. Qui occaecati cumque vero similique corporis. Laudantium quia rerum culpa aspernatur explicabo impedit. A fugiat maxime ipsa vitae ipsum. Inventore fuga minima et similique fugiat. Odit placeat sint sit est. Ullam tempora voluptas sunt. Commodi corrupti distinctio dicta assumenda quia et qui. Ea magni voluptatem esse vel cum sed quod. Iure non occaecati praesentium est corrupti ea. Aperiam magnam rerum quod velit. At sint nisi iure quibusdam. Praesentium dolorem corrupti ut facilis ullam est voluptas. Autem velit eum neque aspernatur voluptas quo. Quas et non autem velit placeat nostrum. Cum voluptate nemo ut corrupti aut. Eveniet quisquam dicta soluta sit quam. Esse quia modi ab rerum commodi voluptas. Explicabo ea dolorem in occaecati ipsum aliquid ea. Et consequatur facere expedita quis. Et suscipit inventore mollitia corporis. Libero aut labore qui soluta magni adipisci. Magnam fugit enim similique. Necessitatibus vero quis et voluptas animi. Sed aut dolorum dolor quia veritatis vel quia deleniti. Esse dicta aut voluptatem nulla. Molestiae incidunt est quis qui omnis aut eaque. Occaecati libero minima modi ut impedit quia ratione. Explicabo ratione commodi architecto esse non. Repellat quos quaerat qui praesentium qui. Quae adipisci dolores nesciunt et laudantium occaecati est totam. Eos dolorem unde quo perferendis omnis. Omnis et enim amet voluptatem dicta.', 'https://via.placeholder.com/1280x720.png/007700?text=aut', 0, 3, 11, NULL, '2023-11-09 00:20:26', '2023-11-09 00:20:26'),
(3, 'sit dolorem delectus qui recusandae ut.', 'est-quae-aut-nulla-occaecati', 'Culpa ut voluptatibus aliquam est. Ut ad quibusdam ducimus inventore harum. Porro officia consequatur consequatur libero non dolore aliquid. Eum ad quo tempore eligendi.', 'Ex voluptatem reprehenderit molestias et aut qui quis. Voluptates aut aut aut repellendus quia occaecati. Sint sunt non dolorem deleniti quasi non. Aliquid fuga nulla odit aut et inventore officia. Et nihil similique est tenetur maxime rerum sequi. Vel odit nihil ex quam odit. Tempora dolorem accusamus dolores molestiae dicta. Ut repudiandae quia cumque deleniti dolores enim nam. Qui accusantium dolor molestiae eos sunt nobis. Vel cupiditate odit voluptate sit. Aut quibusdam et repellat minus quaerat quis voluptatum. Enim ratione dolor cum quis hic totam delectus minima. Eaque id voluptatem illum modi fuga. Sed quo consequuntur nisi quia voluptatem. Iure corporis porro animi voluptas tempore. Aperiam facilis accusamus voluptas qui aperiam nesciunt. Repudiandae perspiciatis iure dicta dolores ut. Qui delectus voluptas in. Natus architecto fugiat dolores eum. Tempora aliquam qui ex impedit impedit. Expedita temporibus doloribus est. Aliquam dolorem est hic in ut aut. Vel numquam veritatis autem repellat. Voluptatum omnis iusto eaque ipsum suscipit. Non et similique dicta eligendi. Iste voluptate consequatur dolorem culpa dolorem nesciunt. Provident aliquid maxime accusantium culpa sed quo. Odio tenetur ut veritatis. Dolorem iusto distinctio culpa qui ut et nemo. Fugiat voluptatum ullam quo harum voluptatum eaque. Officia mollitia cumque sed quod dolor et. Aut distinctio fugit culpa delectus mollitia occaecati quae. Pariatur aut deleniti dignissimos enim. Velit ex quod consequatur hic dolor ipsa. Sed voluptatum officiis fuga qui eum. Occaecati nostrum architecto sint magnam ut voluptatem mollitia blanditiis. Repellendus ducimus non dolor eos error. Laborum voluptatum consequuntur ut temporibus molestiae voluptate et. Sint distinctio explicabo corporis pariatur. In perspiciatis amet distinctio quos omnis. Quis libero et exercitationem eveniet quae veritatis. Ducimus atque nulla excepturi est autem. Molestiae natus alias dolores quis debitis est natus.', 'https://via.placeholder.com/1280x720.png/00ffbb?text=voluptatem', 1, 2, 20, '2023-11-09 00:20:26', '2023-11-09 00:20:26', '2023-11-09 00:20:26'),
(4, 'voluptate perferendis aut quis impedit non repellendus ex.', 'sint-voluptas-molestiae-fugit-esse-dolorem-ut-mollitia', 'Impedit optio perspiciatis nihil voluptates. Inventore omnis cupiditate rerum dignissimos. Optio ea aut suscipit consequatur sunt.', 'Non fugiat magni itaque quia magnam voluptatem tempora. Impedit qui ipsam delectus odit expedita facilis. Quaerat sit itaque et enim. Et ut assumenda labore et deleniti illo. Nobis dolores doloremque sit occaecati culpa. Voluptas porro ut occaecati. Quia mollitia consequatur architecto consequatur quisquam atque. Optio quo distinctio laudantium quo ut nisi. Dolores occaecati dolores corporis eligendi fuga. Quia doloremque in ea repellat nobis. Dolore iusto iure a dicta illo voluptatem aut. Laborum ut minima repudiandae qui corporis reiciendis totam. Incidunt rerum qui facere minima autem vero ut quis. Ut ab qui fugiat quis voluptatem. Nulla dignissimos sit laboriosam dolor rem. Sed qui sunt ipsum magni repellendus sunt et. Est aut a quia quo asperiores. Qui vero voluptatem cumque praesentium nam. Eveniet consequatur odio illum autem autem maxime exercitationem. Corrupti laudantium atque est rerum error quia. Qui omnis illo doloribus praesentium atque dolor nam libero. Atque mollitia dolor fugiat qui autem veritatis rerum. Saepe eius velit explicabo sit sint. Cumque rem cupiditate voluptatum a voluptatibus suscipit rerum. Saepe consequatur impedit vero itaque ullam autem. Non tenetur ipsum vel saepe accusamus tenetur. Doloribus rerum aut ut consequatur doloribus et cumque. Distinctio omnis dicta magnam quisquam in deleniti. Qui perferendis est unde esse beatae adipisci dolorem. Placeat tenetur et optio est dolor pariatur. Magni repudiandae et accusantium enim incidunt saepe architecto nobis. Asperiores eos ipsam enim dolor. Rem vero nihil praesentium omnis et. Incidunt iure pariatur ad quaerat. Ratione voluptatem repudiandae quo optio eaque dolor. Veritatis assumenda est accusantium voluptates autem nobis. Ipsa et ut deleniti nesciunt consequuntur quia aut. Qui dolor unde corporis cumque delectus provident necessitatibus.', 'https://via.placeholder.com/1280x720.png/002244?text=vel', 0, 4, 1, NULL, '2023-11-09 00:20:26', '2023-11-09 00:20:26'),
(5, 'necessitatibus nulla non ut omnis animi.', 'beatae-blanditiis-voluptas-unde-sit-quis-aut-error', 'Officia molestiae et officia dolores eos ut asperiores. Laborum tempore nihil delectus possimus sit. Totam enim dolores dolor rerum error et. Voluptatum qui amet repellat voluptas corrupti impedit.', 'Itaque voluptatem voluptas vero deleniti quia minima cupiditate. Sit natus laborum quibusdam inventore. Et libero nobis voluptas. Eaque odit aliquam rerum molestias repudiandae. Id est nisi qui aut reiciendis labore odio. Quibusdam nihil sunt incidunt autem voluptates. Optio vel sit dolores laborum tempore. Architecto sed qui earum nulla quibusdam. Nihil dolor est fugit rerum harum necessitatibus in. Ratione veritatis ea aut velit quas inventore voluptatem. Fuga quibusdam repudiandae rem consectetur accusamus. Aut est ullam enim veniam ipsam molestias nulla eum. Maxime ut rerum reprehenderit ea aspernatur. Aut error laboriosam molestias qui et. Et repellat quos eaque quia. Odit in minus dolorem. Quia corrupti dicta harum harum illo ut. Et itaque consequatur enim quo velit nostrum. Quae omnis esse doloremque et consequatur iure. Omnis aut eum ullam laudantium est repellat. Et deserunt est reprehenderit quasi voluptatum dolorem. Et quibusdam et quidem expedita explicabo ut illo est. Maiores et modi nostrum esse. Voluptate fugit ut aut aut possimus odio rerum. Cum enim aperiam consequuntur iure. Velit consequatur voluptatem nihil omnis qui ipsam. Vel iusto velit et enim et dolor. Nulla quis optio velit iste illum sed non. Atque enim quae voluptatem. Natus error nostrum illo sint iusto voluptatem. Minima necessitatibus similique est similique deleniti eos. Aut enim laborum voluptas minus nobis eos. Provident quo aliquam magnam quam. Sed aperiam aliquam rerum blanditiis ut sit cumque. Velit dolorem voluptatem aut ad. Veritatis cum ut ipsam. Quasi architecto et ipsa soluta nesciunt saepe eaque. Corporis laudantium adipisci aliquid nisi dolorem. Earum ratione error qui quidem officia nulla quos doloribus. Perferendis aut corrupti iste dolorem nemo saepe et. Labore inventore dolorem alias maiores autem nesciunt ut reprehenderit. Commodi quaerat doloremque cumque perspiciatis et laboriosam.', 'https://via.placeholder.com/1280x720.png/0022bb?text=non', 0, 5, 1, NULL, '2023-11-09 00:20:26', '2023-11-09 00:20:26'),
(6, 'vel cumque nihil consectetur sint.', 'aspernatur-alias-molestias-omnis-nihil', 'Corporis qui voluptatem corrupti facilis. Sit alias voluptas laboriosam fuga illo ut esse. Cumque tempora ut ut iusto sed.', 'Consequatur fugit eligendi vitae repudiandae molestiae. Excepturi laudantium sapiente consequatur sunt velit qui eius. Qui voluptatibus nostrum nihil error. Voluptatem consequatur deserunt ullam iste. Consequatur est saepe non non deleniti quis impedit. Vel officia est ipsa quia reiciendis qui blanditiis quisquam. Labore consequatur et et culpa in debitis reiciendis. Nesciunt fugit incidunt illum consequatur nesciunt. Rerum est eos nulla. Reprehenderit saepe facere perspiciatis dolorem. Ut delectus autem itaque voluptatem odio impedit. Natus culpa voluptas blanditiis in ab minima aspernatur. Non dolor qui in sunt quisquam. Ut et est occaecati dolor ipsam sequi. Consequuntur alias nulla dolores et animi. Eum cum quia corporis id. Et optio placeat non labore ratione sequi qui. Dolorem numquam facilis perferendis et doloremque voluptatem autem. Quos autem et illum velit ut sed. Qui ea optio numquam est officiis tempore veniam. Sunt voluptatum qui fugiat ea cupiditate iure eum. Autem et perspiciatis consequuntur architecto ad. Est nihil magnam dolor maiores. Vero quisquam aspernatur ipsum architecto repudiandae quibusdam. Illo minus voluptas possimus aperiam. Omnis illum et ut a magnam dicta recusandae consequuntur. Dolores omnis porro quasi consequatur explicabo officia ipsam. Dolor et quia sint et. Dolorum sit iusto laborum enim voluptate aut aperiam. Harum tempore sed similique voluptatum non consequatur. Consequuntur aut quia voluptates placeat qui enim laudantium. Molestiae ipsum itaque quas necessitatibus nostrum blanditiis. Exercitationem beatae et veniam. Earum at repudiandae quia placeat voluptas nobis. Illum quasi sed quasi ea voluptatem. Numquam eveniet et dicta molestias id molestiae quia. Ex eligendi dolorem dolor dolor velit consequuntur. Voluptates corporis nam inventore eos numquam. Porro optio placeat totam eius blanditiis eos magni dolores. Repudiandae doloremque harum consequatur ex dolor ipsam numquam. Mollitia aut sit in rerum est pariatur dolor.', 'https://via.placeholder.com/1280x720.png/007777?text=dolor', 1, 3, 2, '2023-11-09 00:20:26', '2023-11-09 00:20:26', '2023-11-09 00:20:26'),
(7, 'voluptatem sunt est ipsum nostrum nulla libero.', 'ut-placeat-assumenda-cupiditate-autem', 'Dolorem incidunt id aliquam aut occaecati reprehenderit. Alias veritatis odio optio nihil dolor magni tenetur. Consequatur enim non quia est dolorum nesciunt aperiam.', 'Nesciunt et qui nobis qui molestiae assumenda. Sapiente vel nam nisi eos sapiente sed dolor. Est est maxime maxime. Voluptas perspiciatis ab porro rerum qui eos. Quibusdam aliquam in ut enim. Repudiandae tenetur magni debitis quisquam maiores facilis modi enim. Exercitationem fugit et nihil et voluptatem beatae ipsum. Vel corporis occaecati accusamus deleniti corrupti. Quos quibusdam voluptatem aut et a neque. Voluptates quod voluptas similique eum id. Numquam consequatur quia in esse iure tempore. Non natus facere nihil delectus iure qui neque repellendus. Corporis sunt velit hic consequatur repudiandae. Cupiditate nemo sunt eum repellendus. Voluptate cumque eaque inventore optio quam. Ex animi est earum voluptatum. Velit quasi occaecati ab sapiente sint. Corrupti molestiae est et laboriosam illo. Id consequatur labore ut voluptatem. In odit ratione iusto nisi amet. Quidem culpa officia consectetur hic aut. At placeat culpa quos expedita placeat dolorem. Modi quia vero qui atque temporibus id tempora aut. Eligendi aspernatur voluptatem natus quo culpa ipsam. Maiores consectetur quisquam porro repellat expedita. Eum eos qui voluptatem minus. Quo error eum voluptatem sit ea fugit rerum. Et maxime quos laborum eaque. In accusamus enim rerum. Reiciendis quidem reprehenderit ut quo et ipsum repellendus tempora. Voluptatem est omnis perferendis ullam. Minima minus aut provident maiores eos alias. Exercitationem iure aspernatur ratione mollitia eum rerum. Quisquam quae ad velit consequatur sapiente voluptates. Iure qui error eum est ad a saepe aut. Quia eos optio rerum consequuntur. Tempora facilis voluptas doloremque error inventore. Qui officiis asperiores qui. Quia eveniet dolorum id excepturi distinctio iste corrupti. Exercitationem repellendus eos nostrum sit nesciunt omnis. Quis deleniti eum velit rerum. Quia quibusdam nulla numquam quia. Ad laborum blanditiis et voluptatem vel qui aut.', 'https://via.placeholder.com/1280x720.png/00dd22?text=voluptatem', 0, 3, 7, NULL, '2023-11-09 00:20:26', '2023-11-09 00:20:26'),
(8, 'porro nisi vel quasi iusto.', 'dolorem-modi-iusto-est-non-vitae-vel-possimus-sequi', 'Quis ea assumenda et quia. Numquam ut fugiat incidunt doloribus aliquam repellendus. Quas quidem ab aperiam enim et expedita. Sint et sint dolorum rerum eos est pariatur.', 'Porro similique rerum et earum et deserunt. Qui necessitatibus qui doloremque consequatur consectetur. Incidunt quaerat quia placeat est autem. Consequatur et aut sit eum dolores dolores. Nulla illo reprehenderit qui dolorum non et earum. Sunt assumenda aspernatur aut qui sapiente aut facere qui. Delectus inventore ut rerum aut reprehenderit. Dolores omnis quas veniam in quas. Est iusto repellendus a provident dolor et aut. Et illum itaque incidunt ut dolores. Nihil repellendus magni optio aliquam eum veniam deleniti necessitatibus. Ut velit quas est culpa hic debitis iusto. Similique numquam aut eum et. Praesentium consequuntur et fugiat culpa odit quod dolores accusantium. Quia consequatur commodi nisi ipsa officiis placeat. Iure voluptatem dolore porro ducimus excepturi maiores libero. Voluptatem nemo et dolorum voluptatum quia aperiam voluptatum. Non consequatur odit labore et quia. Voluptatem deserunt aut ab quae a et. Reprehenderit quaerat assumenda recusandae nihil consectetur. Ut ducimus ipsam fuga numquam autem doloribus. Error est sed impedit ut et praesentium et. Perspiciatis est doloremque quia ea. Veritatis natus aut quibusdam porro possimus voluptas animi. Eveniet ut et eos iste. Nulla ipsum aliquam dolor nemo. Voluptatibus quidem earum voluptas ut voluptas. Voluptas ut molestiae odio eligendi aliquid vel. Quam est dolorum quis modi quas delectus. Quia inventore pariatur dolores neque et. Officiis aliquam aliquid aperiam autem explicabo. Ab modi fugit mollitia nulla ab. Soluta asperiores distinctio dolorem qui doloribus nesciunt ut. Assumenda rem dolor sit dolorem. Optio nam sed debitis dolorem eaque animi. Neque doloremque sit aperiam architecto eos. Omnis iusto sunt hic ex ipsum aliquam doloremque. Quidem amet quod repudiandae consequatur voluptatem temporibus vero. Nisi et amet eaque autem quo. Vero esse est sunt sapiente inventore et et. Beatae soluta omnis et est at aut laborum. Tempora recusandae quidem aut voluptas tempora.', 'https://via.placeholder.com/1280x720.png/009977?text=minima', 0, 1, 4, NULL, '2023-11-09 00:20:26', '2023-11-09 00:20:26'),
(9, 'libero molestiae accusantium voluptatum magni doloribus sit.', 'rem-impedit-et-tenetur-enim-sapiente-perspiciatis', 'Totam aut sunt porro inventore autem earum ad. In numquam mollitia architecto ut ut sed quia. Officia eum accusamus non nihil est animi.', 'Aut tempora illo eveniet et. Illum quos delectus minima quasi molestias. Voluptatem eum nulla repudiandae rerum voluptatem quia corrupti. Ipsum vel labore et. Ex facere dolorum itaque cupiditate labore. Possimus ut non nihil quos velit pariatur. Molestias omnis qui aut commodi aperiam voluptatem. Maiores tenetur pariatur quod est dolor. Aspernatur quo deserunt modi impedit sit velit. Qui quidem cumque et fugit enim. Minima provident ullam incidunt a ut quod nobis quia. Quas iste cum non omnis possimus. Deleniti qui quia quo impedit. Dicta ad accusamus quis architecto quis sint voluptatem dolorem. Est nemo rerum aspernatur expedita. Dolores velit aut omnis tempore assumenda. Sit eum sunt voluptas est dolor repellendus unde. Ea rerum sapiente nulla culpa dolorem culpa repudiandae. Voluptas aut officia sint quae dolores. Dolorum corporis quis sit harum minus quae maiores. Praesentium quo ea quibusdam qui facilis. Porro sit est rerum voluptatem reiciendis totam numquam. Voluptatum accusantium ipsum magnam dignissimos et. Alias maxime eveniet odit quas dolor dolorem. Expedita et quia harum porro ut aut. Aut voluptatem nihil sit. Dignissimos qui qui exercitationem id. Deserunt aspernatur impedit cupiditate hic laboriosam sint. Nam et similique voluptatem eos. Nam cum dolorem enim vel eligendi optio. Assumenda dolorem reiciendis eaque repudiandae molestiae autem. Aut saepe suscipit fugiat illo aspernatur. Ut rerum quis eum velit. Commodi id cum voluptas commodi et provident suscipit hic. Magnam totam cum dolorem vero nam molestiae neque nam. Impedit quas saepe iusto ratione laudantium. Eius dolorem ex vel autem est nisi. Saepe in dolores iste non est. Aliquam quia explicabo eos odit perferendis iure quidem qui. Hic laborum nisi doloribus dolorum quo in quia. Nulla mollitia est dolores est dolor ut ducimus tempore. Inventore non dolores inventore explicabo.', 'https://via.placeholder.com/1280x720.png/00ee33?text=nihil', 0, 1, 15, NULL, '2023-11-09 00:20:26', '2023-11-09 00:20:26'),
(10, 'fuga voluptatem repellendus rerum.', 'sapiente-qui-velit-nemo-qui-hic', 'Quibusdam molestiae aut consequatur ut unde repellat aut autem. Tempora veritatis harum vel nam aut velit.', 'Sint velit consequatur iste non dolores. Ratione sit qui eum dolore aut repellat possimus esse. Debitis debitis sint est molestiae quam qui. Et eum dolore tenetur qui. Iusto non magnam quia beatae. Quas optio qui non ad dolores. Quia dicta quisquam magni qui et recusandae corrupti. Dolores sit exercitationem sint nulla sint. Est rerum inventore ut labore beatae et voluptatem. Cum rerum quo unde quo ut. Voluptatem voluptate voluptas itaque voluptatem. Ab non vitae quaerat atque deleniti minima esse. Dolorem assumenda voluptas suscipit quibusdam et earum cum. Asperiores similique ipsa nemo qui pariatur magnam reprehenderit. Et quam possimus sint neque voluptatem. Quibusdam ullam earum soluta omnis nostrum dolore mollitia eos. Quo voluptas labore officia qui quod error. Dolor esse iste modi vel aspernatur. Sit aliquid illo ipsam hic ut. Qui iste voluptate beatae temporibus minima quas. Quis quaerat enim beatae sit harum. Omnis illo expedita voluptatem pariatur. Rerum fugit sit error repudiandae est ratione ad delectus. Repudiandae eum totam qui ea perspiciatis. Ab est amet voluptas officiis. Accusamus veniam repudiandae nulla dignissimos quae qui et numquam. Suscipit cupiditate aut voluptate. Aut sit culpa aut inventore consequatur nulla at. Repudiandae est ratione saepe excepturi. Et soluta provident voluptatum temporibus odit perferendis. Ut architecto voluptatem occaecati ab ipsam ipsam unde accusantium. Eum est exercitationem nam quo. Consequatur totam commodi amet alias eveniet. Et magni iste debitis saepe. Est nesciunt placeat sint commodi. Exercitationem quae non ea qui ut necessitatibus amet. Maxime eos tenetur in et deleniti est unde. Vitae aut tempore minima harum quam et. Laboriosam incidunt eaque libero. Et vel et alias maiores. Eaque provident amet laboriosam unde quo aliquid. Sint expedita rerum voluptate et.', 'https://via.placeholder.com/1280x720.png/0055cc?text=excepturi', 1, 2, 10, '2023-11-09 00:20:26', '2023-11-09 00:20:26', '2023-11-09 00:20:26'),
(11, 'dolore non porro ut laudantium ut nemo dolor.', 'distinctio-saepe-sed-id-saepe', 'Qui et adipisci nihil perferendis dignissimos aperiam explicabo quae. Minus veniam accusamus odit est eaque aut. Fugiat fuga quia dolorem et aut.', 'Voluptatem totam aperiam cumque inventore. Tempore mollitia sed non odit architecto odit at quod. Ut quasi a vel labore autem porro sequi. Perspiciatis porro eligendi rem similique non quidem. Harum enim temporibus hic consequuntur. Ut ut magnam tenetur quae inventore sed maxime autem. Corporis est fugiat temporibus omnis repellendus nisi quia aut. Dolor rerum praesentium rem laboriosam sit. Quod aliquam doloribus ullam quia facere veniam ut. Omnis dolores recusandae iusto nesciunt ratione. Fugiat et unde qui placeat. Sapiente suscipit libero ab quidem et aperiam voluptatibus. Dolorem vero eaque quia sunt fuga repellendus. Consequatur ut incidunt quia ratione. Velit qui sed iusto cumque natus voluptatibus. Consequatur dolorem quia odio asperiores ut non. Ut expedita necessitatibus veniam cupiditate inventore. Sed aliquam id maiores itaque fuga enim maxime. Quis non qui sint magni natus quasi consequatur quasi. Sit ad modi omnis voluptatem saepe deserunt repellat. Sit et quis nemo. Esse voluptas non ut voluptas. Omnis nesciunt omnis repellat dignissimos cumque esse qui. Expedita cumque eius officiis rerum. Et facilis officiis ex et. Sunt facere doloribus mollitia laborum. Voluptas deleniti sint voluptates sit omnis labore veniam quaerat. Esse mollitia molestiae culpa dolor velit omnis. Id nobis facere ducimus nam. Voluptatum perferendis libero sint et quisquam. Amet tenetur aliquam numquam asperiores. Enim ipsa eos qui iste. Quas excepturi optio error molestiae autem quia. Amet qui exercitationem sed eligendi officiis asperiores non. Consequuntur temporibus dolorem suscipit. Facilis inventore quos quod maxime corrupti. Ut doloribus sunt animi aut dignissimos velit autem totam. Id assumenda iure molestiae exercitationem odio blanditiis ut. Dolor deserunt qui quae et dolore ea soluta sit. Qui enim officiis nam non numquam et maiores.', 'https://via.placeholder.com/1280x720.png/006699?text=omnis', 0, 3, 4, NULL, '2023-11-09 00:20:26', '2023-11-09 00:20:26'),
(12, 'reprehenderit aut aut reprehenderit saepe.', 'doloribus-ut-aliquam-aspernatur-sequi-atque-nam', 'Est aut laborum non sapiente impedit consequuntur. Ipsum omnis et dolorem dignissimos laboriosam. Eaque quod officiis quia et. At porro accusamus sequi.', 'Aliquid vitae reprehenderit voluptatem dolores est ab sint quia. Dolorum itaque dolorem inventore fuga voluptas et. Recusandae rerum quas explicabo cupiditate suscipit doloribus temporibus. Similique delectus tenetur quo ab est rem sunt. Ut aut fugit neque incidunt consequatur qui. Velit neque consequatur est inventore. Saepe omnis deleniti harum veritatis aliquam. Ratione consequatur qui quisquam inventore placeat aut. Officia vero tenetur rerum numquam quia. Est quos aut dolor explicabo. Impedit nulla eveniet repudiandae ex consectetur. Quo tenetur et consectetur temporibus illum qui. Nihil ipsa quo perferendis facere molestiae officia. Placeat harum et nihil optio cumque. Amet temporibus laudantium eveniet accusamus. Et culpa voluptates quas iure iure. Quidem sit sint quis aut autem laboriosam perferendis. Ut quia reprehenderit architecto reiciendis. Qui odit ut esse. Sit asperiores similique mollitia et ab ipsam doloribus tempora. Velit illum voluptas et ducimus dignissimos. Aspernatur sapiente sunt sit est nemo. Velit velit saepe blanditiis. Possimus omnis temporibus id dolore et voluptas consequuntur. Tempora ut quis illum rem. Aut aut at eveniet occaecati ipsum quis. Similique voluptas illo ratione qui consequatur esse deleniti esse. Eaque molestiae ratione dignissimos accusamus dicta. Inventore ea quis vel qui ipsum aspernatur sit. Atque consectetur quia qui autem. A aut mollitia voluptas pariatur quis. Quas iste aspernatur et quos dolor nostrum. Deserunt autem qui fugit laborum quaerat minima saepe saepe. Optio voluptatem et et libero dignissimos. Expedita enim eos ut fuga dolorem optio. Aut necessitatibus quia hic suscipit aut deleniti. Ab consequatur enim voluptas. Non quibusdam rerum odit. Quaerat ipsum voluptatum sed sit repudiandae. Aliquam quis rerum tenetur et. Fugiat facere quis quod itaque. Quaerat ut fuga et repellat voluptate aut repellendus. Provident aut qui dolorem soluta accusantium dicta modi.', 'https://via.placeholder.com/1280x720.png/00bbdd?text=architecto', 1, 1, 12, '2023-11-09 00:20:26', '2023-11-09 00:20:26', '2023-11-09 00:20:26'),
(13, 'exercitationem quae nobis rerum.', 'maxime-quae-deleniti-quia', 'Minus sunt molestiae ut aut sapiente est aut. Asperiores qui corporis eius ab eos praesentium eum. Vel molestiae consequatur aut reiciendis totam earum consequatur sed.', 'Similique et voluptatibus qui voluptatem est id. Omnis omnis rerum quis. Vitae laborum perferendis tempore ipsam. Odit rerum iusto nihil quasi mollitia velit eos. Beatae nihil aspernatur veritatis perspiciatis necessitatibus at. Facilis officiis voluptate illum sint et. Dignissimos enim ex harum nihil quidem. Consequatur eligendi reprehenderit ut vitae a ut earum. Blanditiis blanditiis earum quae error maxime ratione velit. Eum occaecati a voluptas maxime fugit nostrum veritatis. Maiores quia nobis commodi illum quod. Unde neque quasi cupiditate iste sapiente fugit. Ducimus ut nemo est suscipit quia. Omnis sint harum laudantium non rerum ut eligendi minima. Odit qui dolor et illum fugit. Et eius animi officia est soluta doloribus. Dolores sed aut culpa vitae. Natus sit eius a corporis. Delectus voluptas ut voluptatem eveniet. Aut dolor optio perferendis sint omnis laborum. Voluptates nam qui beatae error illo temporibus incidunt. Velit temporibus libero ut eius. Necessitatibus qui qui ut. Neque eius quis pariatur qui sit nihil. Adipisci aliquid dicta occaecati pariatur dolore voluptas quia. Assumenda illum maiores id voluptas. Doloribus nihil deleniti ut impedit non. Sequi fuga consequatur dolorum debitis iste asperiores architecto nam. Amet ea occaecati laboriosam et autem. Veniam laborum odit suscipit error labore. Veritatis delectus odio cupiditate minus pariatur quos. Dolor non id hic est soluta quis voluptatibus. Consequuntur facere nobis sequi architecto deleniti. Dolore earum reiciendis voluptatem. Ea facilis sed saepe. Nostrum numquam nihil culpa omnis deleniti fuga vel. Nihil asperiores aut at animi iure earum aut qui. Et consequuntur impedit nesciunt animi soluta repudiandae. Occaecati voluptas veritatis esse corporis nihil ab. Dolorum et distinctio iure facilis velit eum aut. Labore deserunt id ullam eum. Eaque consequuntur sit sint in. Similique molestiae quis consectetur autem harum.', 'https://via.placeholder.com/1280x720.png/006699?text=commodi', 0, 1, 1, NULL, '2023-11-09 00:20:26', '2023-11-09 00:20:26'),
(14, 'laborum eos voluptatem aut sequi vel.', 'dolor-quidem-veniam-porro-voluptatem-numquam', 'Libero quia earum esse officiis possimus dignissimos sed quo. Quia qui perspiciatis beatae aut dolor. Illum sed sed nesciunt at.', 'Delectus aut aliquid aliquid dolorem. Aut aperiam nam sint sint vel saepe. Quaerat sint rerum mollitia sed. Sint culpa aperiam molestiae quam a. Sapiente est sunt non. Non numquam qui repellendus laudantium quia eveniet. Repellendus voluptatem voluptas tenetur recusandae temporibus. Rem necessitatibus provident nihil. Quam adipisci reiciendis sapiente consectetur omnis. Iste et nobis itaque omnis quod laudantium nobis consequatur. Saepe deleniti saepe itaque consequatur voluptas et totam animi. Quos quidem et quo possimus optio consequatur consequatur harum. Omnis eum ut et repudiandae consequuntur reprehenderit. Cupiditate dignissimos suscipit qui deleniti fugiat. Et repellendus consequatur autem vero rerum nesciunt sed. Sed commodi nemo nesciunt sequi nisi facilis. Tenetur laborum consequatur assumenda voluptas. Nesciunt dignissimos magni illo. Hic earum ut consequatur totam temporibus dolores. Voluptatem et aut doloremque dolores quis. Nostrum consequatur sed accusamus quas quae dolor ut. Vero nostrum mollitia et omnis minima vel dolor. Deserunt qui nemo ut et est provident ullam et. Nostrum voluptatem dicta quos vel quam laborum. Nemo facilis voluptate sequi aut rerum. Voluptatem fuga culpa qui illo. Maxime voluptatem quia ad aliquam rem soluta. Iusto eaque mollitia corrupti aut repudiandae minima. Ducimus vitae id numquam itaque ut neque voluptas. Magni dolorem quam modi laudantium eius quod ut. Amet eum in eum est veritatis debitis. Cumque dicta fugit blanditiis asperiores nisi. Ratione facere quae et non eum. Ut quod voluptatem consectetur rem. Qui voluptatum beatae natus et doloremque similique dolores. Voluptatem ut necessitatibus ratione recusandae. Voluptas animi perspiciatis incidunt eius voluptatem voluptas ea. Dicta et soluta et earum molestiae libero. Sed autem mollitia dolorem consectetur id. Dolorem sit nesciunt doloremque repellat voluptates impedit. Nesciunt tenetur molestias quos voluptates.', 'https://via.placeholder.com/1280x720.png/00bbee?text=eos', 1, 4, 14, '2023-11-09 00:20:26', '2023-11-09 00:20:26', '2023-11-09 00:20:26'),
(15, 'quia perspiciatis cum maiores quas.', 'id-sunt-est-qui-molestias-eligendi-soluta', 'Qui sint magnam vitae. Quia alias non beatae soluta nihil. Corporis a minus provident aut dolor. Nihil et nostrum hic optio nemo nulla vitae. Ducimus molestias qui corrupti nostrum corporis culpa.', 'Ad minus magni est odit. Incidunt sed enim aperiam eius. Delectus dolores nam enim animi similique soluta. Ut et deleniti reiciendis numquam. Recusandae sint et recusandae minus earum unde dolore. Error omnis veritatis sit porro perferendis laboriosam. Quaerat nihil ut doloremque pariatur fugiat. Deserunt eius modi in necessitatibus autem in eum. Accusantium nobis expedita et voluptate. Reiciendis rerum ut deserunt soluta sunt. Aut tenetur est quia nulla occaecati pariatur. Occaecati rerum et dicta voluptates. Incidunt enim eum ab sit. Quis dolores velit distinctio dolorum aspernatur nam inventore. Sequi est sequi cumque. Qui harum optio voluptatem et. Excepturi est sint veniam molestias eos veniam voluptatem eum. Ut quo placeat eius sit ea et mollitia. Minima maxime fugiat eligendi numquam tempora officia. Facere voluptas rerum at amet unde officiis quia. Natus omnis sed beatae. Sunt dicta est impedit. Qui consequuntur saepe sint eum laborum ab ut provident. Aspernatur quis illum sunt qui est. Sit sequi doloremque reprehenderit fugiat et accusantium voluptatem optio. Cumque repellendus fuga et quos commodi dignissimos mollitia. Officiis modi maxime nulla. Est sapiente iure voluptas soluta et libero. Illum quam in incidunt dolores explicabo. Rerum autem laudantium ipsam voluptatum. Libero pariatur nisi ut et consectetur. Dolorum occaecati aliquam cupiditate quia quo. Omnis qui nihil asperiores praesentium. Id quos provident et ad consequatur quia tempora et. Et pariatur labore porro voluptatem. Ab nisi blanditiis expedita dignissimos. Ut et consequatur quis quam labore consequatur. Et aut et ut et deleniti. Mollitia incidunt qui doloribus rerum. Rerum ad ex nulla at. Quas nostrum a est est occaecati est. Ratione est ipsam commodi officiis. In ea sapiente asperiores impedit. Voluptatem occaecati numquam non velit ut harum. Qui natus repellendus placeat provident facere aliquid.', 'https://via.placeholder.com/1280x720.png/00ffaa?text=enim', 1, 4, 20, '2023-11-09 00:20:26', '2023-11-09 00:20:26', '2023-11-09 00:20:26'),
(16, 'unde nemo velit et sit autem maxime dolor.', 'omnis-esse-voluptatem-veritatis-voluptas', 'Ut sit voluptatem iusto. Sit ducimus earum commodi saepe sed dolorem et. Aliquam saepe expedita enim fugiat adipisci.', 'Animi eum omnis alias qui inventore et. Laborum molestiae eos et nihil aspernatur. Est eum ducimus aut voluptas eligendi quos dolor. Aspernatur dolorem minus illum et culpa. Voluptatem et nihil consequatur eum facere est et. Voluptas laborum facilis ipsum placeat aperiam quam. Deleniti quia molestiae aut iste libero et. Aut aut veniam nam. Aut quos blanditiis ab. Quia alias aperiam est quasi asperiores quae. Cum accusamus facere exercitationem consequuntur eum beatae dolorem. Doloremque magnam sed corporis qui asperiores. Id commodi sint sint consequatur omnis nostrum quia explicabo. Consequatur voluptas nobis quis. Non reprehenderit voluptatem voluptatem laudantium quae optio labore. Ut voluptatum est ipsa eligendi. Ut officia quidem deserunt. Quam et corporis officiis id voluptatem aspernatur. Sed modi enim eaque sint vel. Ab perferendis tempore autem tempore. Voluptas nobis quia debitis voluptas aliquid ducimus cumque praesentium. Sapiente quam soluta ducimus eum aut non dolorem aspernatur. Voluptatem autem sunt voluptatem eaque fugit autem. Velit deserunt rem aut vero quas. Repudiandae nesciunt magnam delectus est nihil omnis neque velit. Suscipit qui aut dicta tenetur. Aperiam libero architecto officia voluptas. Voluptatem aut laborum reiciendis minima natus sint. Voluptatem ea fugit omnis libero ratione nisi. Autem veritatis architecto tenetur et. Voluptatem id omnis perferendis id voluptates ut. Aut praesentium fugit non inventore animi. Deserunt sapiente et et quia. Ducimus aut nisi explicabo et incidunt. Libero asperiores ducimus numquam quia. Aut quaerat dolor voluptatem ex vitae quaerat totam. Aut quia consectetur dolore ea et aut consectetur. Quia error qui qui fuga inventore saepe ut. Earum aut animi earum aperiam. Non qui voluptatem porro repellat ipsam odit optio. Optio recusandae iusto quam et. Cupiditate iure qui odio accusantium aut voluptate possimus. Aut ad quas ut dolores dolores velit.', 'https://via.placeholder.com/1280x720.png/007711?text=id', 1, 3, 10, '2023-11-09 00:20:26', '2023-11-09 00:20:26', '2023-11-09 00:20:26'),
(17, 'quo harum quas quas doloribus sunt vel iure.', 'ut-in-temporibus-voluptatibus-aut-libero-et', 'Animi minima sapiente omnis temporibus atque libero. Cum aspernatur voluptatem veniam similique neque. Quos in itaque dolorem voluptas recusandae.', 'Non qui eius dolore. Velit mollitia qui quo et blanditiis modi iusto. Libero voluptate quia quia. Eos dolorem magnam atque rerum. Et similique et molestias sit provident vel qui. Omnis repellendus incidunt eos et. Earum consequuntur eos reprehenderit ipsam cupiditate aut odit. Sunt vitae voluptas harum eligendi sit fuga quisquam. Qui fuga qui et consectetur nulla. Tenetur cum inventore rerum qui maxime. Sint qui quisquam incidunt velit quo. Asperiores quo fugiat quam ut. Consectetur quaerat est sunt eos omnis. Sed quia unde asperiores reprehenderit ratione. Quia doloremque ut quis aperiam eum occaecati. Ad fugiat quo fugit aliquid aut non voluptatem. Recusandae est laboriosam laboriosam voluptas voluptas placeat enim. Quod eos quasi eos nostrum placeat expedita aut. Aut enim quidem debitis magni dolor sint. Esse cupiditate quo ea et. Dolor et sit temporibus rem consequatur voluptatem eaque. Atque magnam dolorem est saepe quis. Tempore sit impedit iure quaerat rerum tempora. Et exercitationem ut dolor numquam alias quibusdam qui. Quis eius fuga aut eius. Laboriosam provident eveniet et est repudiandae asperiores ad repellendus. Occaecati aut fugiat voluptas odio. Accusantium vel voluptatem odit qui et at ea ad. Et voluptatibus aliquid possimus. Ab quibusdam nobis sed dolores qui vitae et ea. Eveniet et blanditiis et error similique saepe consequatur laborum. Quis expedita dolorem officia quis facere aspernatur veritatis impedit. Quis dolor incidunt cum soluta totam ut ex laborum. Incidunt molestiae reprehenderit et et molestias quaerat vitae. Eius repellat ut ut. Nobis quia qui voluptates velit quos. Qui voluptas dignissimos nam aperiam. Est ea tempora sapiente dolorem a amet et. Non nihil unde eos id tenetur. Occaecati fugit eos recusandae voluptatem quam recusandae. Qui non et minima assumenda. Incidunt vitae aliquam ut blanditiis dolor hic. Beatae iusto ratione reiciendis corrupti sint tempore.', 'https://via.placeholder.com/1280x720.png/00bbdd?text=neque', 1, 5, 1, '2023-11-09 00:20:26', '2023-11-09 00:20:26', '2023-11-09 00:20:26'),
(18, 'expedita expedita sint ut est optio.', 'voluptatem-sit-sit-ipsam-sequi-vitae-omnis', 'Excepturi ut aliquam veniam tenetur ipsum. Repellendus natus velit assumenda. At odio magnam magnam aut delectus quae consectetur. Quo totam odio eaque fugit.', 'Dicta similique nam rerum qui. Dignissimos eos similique et omnis dolorum. Consequatur neque aliquam harum laboriosam. Rerum assumenda non voluptas id error sed iste. Suscipit exercitationem in saepe veritatis sed. Repellendus rerum consequatur molestias eum. Ut corporis assumenda molestiae autem tenetur cupiditate. Vero consectetur consequuntur nam adipisci architecto commodi ex. Voluptatem quis quia alias et quam. Facere vel non dolorem perspiciatis. Nostrum fuga explicabo doloremque eum eos. Voluptates aliquid qui cum fuga suscipit eum. Eveniet recusandae exercitationem et nihil et. Qui quae blanditiis illo velit et quia. Aut quis quia sit molestiae minima mollitia iusto. Nostrum sit atque ullam quod quo minus harum. Ut consequuntur aut incidunt vitae reiciendis nisi repudiandae. Consequatur dolore optio possimus quisquam eveniet. Repellat provident deserunt ea. Voluptas ea expedita omnis et a. Qui incidunt suscipit odit nostrum fuga dolorum modi neque. Debitis voluptatem iste exercitationem minima. Repellat architecto et sit ducimus autem qui. Doloribus consectetur illum explicabo distinctio animi. Quam earum iste ad est quidem aut. Debitis ut quia minus vitae est quia. Inventore dicta quis aperiam esse aut amet. Reiciendis repudiandae laborum illum soluta similique. Ipsa id quisquam et soluta. Qui officiis aperiam voluptatem dolore praesentium quis et. Voluptate ut sed ipsam. Vel non quidem veniam est exercitationem. Dolor dolorem officia mollitia harum. Ducimus corporis et officia ut laudantium ut. Omnis animi in non et praesentium. Ad perspiciatis modi eum laborum. Vel labore ex ipsa et dignissimos iusto possimus. Dolores nihil ducimus tempora eius inventore eligendi. Ea quaerat voluptate quia minima. Voluptate quod omnis quia rem earum porro. Temporibus qui consequuntur sequi aut enim. Dolorum amet eos et aspernatur ut ab quam. Est molestias a praesentium cupiditate quod omnis.', 'https://via.placeholder.com/1280x720.png/0000ff?text=quibusdam', 0, 4, 3, NULL, '2023-11-09 00:20:26', '2023-11-09 00:20:26'),
(19, 'nulla dicta rerum repudiandae iure sunt quo eaque.', 'quia-adipisci-voluptates-amet-similique', 'Unde ipsum occaecati sed qui molestias a. Consequatur et est fuga cum tempore dolorum quaerat qui. Laboriosam aliquam quos fugiat qui iste voluptatem.', 'Aliquam amet voluptatem ducimus est quaerat molestiae. Aut et soluta voluptas iusto. Commodi nam perferendis aut voluptas unde ad. Perferendis quam vitae quasi. Quia est sit sit. Architecto est quo aut magni. Veniam modi quidem velit quibusdam quo reprehenderit dolore. Pariatur fugit voluptas corrupti vel illo pariatur sed. Nisi et qui exercitationem eaque ut neque. Officiis ducimus asperiores est. Eum iste voluptates suscipit qui. Dolores consequatur molestiae eum consequuntur quasi excepturi. Magni quia unde ex tempore blanditiis possimus. Inventore illum animi inventore voluptatem omnis et vel. Odio quas est nulla dolorem. Blanditiis maxime odio laborum eius sed molestiae fuga. Rerum voluptatem nisi itaque vel in quibusdam repellendus ab. Mollitia et voluptatum officia enim. Expedita et soluta animi sunt fugit. Est iusto voluptatibus et dolorem. Adipisci minus maxime non iusto porro et. Ut omnis molestiae culpa ut ipsa reiciendis et unde. Neque et eum ullam tempore tenetur consequatur. At qui tempore est ut eius ut qui. Inventore et illo perferendis qui voluptatem consequatur nulla. A eius maxime ut eum voluptate iste aspernatur. Quis labore rerum at quo. Consectetur error autem accusantium ullam. Praesentium id enim est et voluptatum iste. Officiis qui veniam optio. Aut rerum nesciunt corporis dolorum. Fugiat dolor soluta et hic aut ut eum. Et eum ut et illum. Quis rerum dolores expedita rerum rerum. Dolorem neque necessitatibus ex corrupti. Nulla voluptatem accusamus commodi ducimus debitis ea. Eligendi iure magnam dolore qui. Quia beatae sint qui aliquam laudantium alias. Fugit quia assumenda a. Ut quia eligendi cumque et in corporis. Molestiae consequatur qui culpa sit. Reiciendis non quisquam facilis sint aut. Sequi quae porro ipsum. Ratione praesentium ab excepturi est. Dolor modi ipsam architecto sint consequatur et possimus.', 'https://via.placeholder.com/1280x720.png/00ee22?text=magni', 1, 5, 6, '2023-11-09 00:20:26', '2023-11-09 00:20:26', '2023-11-09 00:20:26'),
(20, 'voluptate id aut perferendis sunt autem eum perspiciatis.', 'est-et-enim-cupiditate-repellendus-eveniet-dolor-nam', 'Nobis sapiente ut voluptatem quidem quis. Quos asperiores sed est magni non qui.', 'Rem perspiciatis blanditiis et eum dolor eaque provident. Inventore et explicabo quia optio aperiam. Esse aut nam labore repellat ullam doloremque. Omnis voluptatem enim laborum tempore sint. Quae quos saepe consequuntur. Vitae eum qui consectetur possimus a eaque. A accusamus fugit quidem veritatis consequatur. Dolorem ut itaque officia alias vel. Quis quis facilis consectetur cupiditate. Eius pariatur perspiciatis impedit ut in fugit asperiores. Officiis quo atque vel eos sint cupiditate. Accusamus deleniti ducimus recusandae adipisci voluptatem et sunt. Animi sed dolore placeat tempora. Est delectus recusandae aperiam aut. Totam maiores facere adipisci iure non laborum. Veritatis ut velit sint mollitia ea. Molestiae dolores veniam qui quia provident quam sed. Deleniti autem ipsa reiciendis aliquid quae. Dignissimos vel ipsum a numquam molestiae. Ut aut iusto eum. Autem et et quidem molestiae alias in. Voluptatem aperiam asperiores qui suscipit est. Est ex placeat autem. Alias eaque est reprehenderit ut laboriosam autem iste consequuntur. Qui error eligendi illum consequuntur. Aut placeat atque delectus eum aut quo. Qui voluptatem aliquid doloribus praesentium voluptas est. Similique voluptatem expedita assumenda et non. Pariatur debitis et suscipit et accusamus officia voluptates. Illum expedita ipsam quisquam dolore. Alias quia dolorem corrupti earum. Reiciendis quod qui omnis ex sapiente ullam quo. Porro consequuntur consequatur minima est perferendis numquam sed autem. Expedita pariatur rerum quis iure. Cumque sunt quam iusto error voluptatum. Quasi vel dignissimos doloremque tempora similique consequatur facilis. Voluptas quasi ut est magnam. Ipsum non cum eos accusantium. Et quos illum suscipit. Nihil qui adipisci corporis reiciendis excepturi. Placeat quaerat qui voluptatum numquam ratione similique necessitatibus. A voluptas id ipsam esse qui quia. Dolor quaerat hic possimus reiciendis inventore. Eligendi aut quia natus nihil consequatur quia.', 'https://via.placeholder.com/1280x720.png/003322?text=sequi', 1, 5, 1, '2023-11-09 00:20:26', '2023-11-09 00:20:26', '2023-11-09 00:20:26'),
(21, 'voluptatem enim et doloremque quos eos quis non laborum.', 'aut-ipsa-maxime-libero-est', 'Unde ipsam maxime qui corrupti sed laudantium dolorum. Cumque culpa doloribus sapiente cupiditate eos explicabo corrupti rem. Non quia doloremque hic mollitia et atque aliquid ullam.', 'Aliquid harum ut reprehenderit incidunt quo iure et. Facere dolor sunt ut laudantium ipsam. Dolore maiores quos ad qui dicta et itaque aut. Porro aut aperiam sit similique quia quas et sint. Corrupti beatae magni autem quibusdam sit fugiat ut. Perspiciatis iure perspiciatis blanditiis excepturi. Provident et eos tenetur aut. Quia aut reprehenderit iure qui. Debitis ducimus non vel eum ipsa saepe dolor aut. Quidem error quaerat iure blanditiis enim dignissimos facere qui. Est et commodi deserunt eos voluptatibus. Sint rerum ut perspiciatis qui. Aut reiciendis sit atque veritatis. At quia velit iure ipsum quis cum qui. Sit incidunt tenetur cum. Consequuntur voluptatibus et possimus consequuntur est explicabo cumque. Perferendis animi id quo. Fugiat asperiores reprehenderit ut. Assumenda et laboriosam vero ut cupiditate aut. Tenetur labore placeat consequatur quas provident. Ut quos rerum labore. Dolorem beatae maxime est maxime perferendis inventore modi dicta. Quasi est necessitatibus error ratione deserunt tempora. Magnam laboriosam error ut voluptatem omnis. Ipsa fugit dolore ullam est dolore. Saepe doloribus accusantium dolore. Voluptatem temporibus maxime dolore eveniet modi. Aspernatur sit assumenda aut quam nulla. Soluta quibusdam illum dolores sed. Nihil in recusandae sed ad nemo corrupti quo. Magni sequi architecto officiis ut quia deserunt consequatur. Aut voluptas nobis ut et ut amet non. Reiciendis saepe et minima rem in. Non accusantium aut qui quod dolore non et. Officia eos dolores cumque facilis aut non iure rem. Placeat dolor qui voluptas eum sint. Itaque eligendi iste quia voluptatem. Vel rerum consectetur adipisci. Porro adipisci quaerat et soluta. Velit excepturi sequi illo error quidem quia mollitia. Est cumque sequi non commodi nam et natus. Explicabo alias harum est omnis. Et omnis quos qui possimus id omnis numquam. Officiis voluptatem inventore hic ut ducimus assumenda autem.', 'https://via.placeholder.com/1280x720.png/0033dd?text=delectus', 0, 1, 10, NULL, '2023-11-09 00:20:26', '2023-11-09 00:20:26');
INSERT INTO `posts` (`id`, `title`, `slug`, `excerpt`, `body`, `image_path`, `published`, `category_id`, `user_id`, `published_at`, `created_at`, `updated_at`) VALUES
(22, 'libero quod necessitatibus nam dolores.', 'odio-magnam-ex-voluptas-est-voluptas-voluptas-amet', 'Ut praesentium animi non quis sapiente repellat aut. Quam esse harum dolor quod odit. Itaque delectus rerum doloribus tempore iste quia beatae.', 'Ea nemo sit vitae impedit. Temporibus vel quos dignissimos nisi maxime in id. Animi temporibus qui qui excepturi. Minus in id repellat a impedit. Sed nostrum voluptates odio consectetur delectus. Eum saepe in commodi corporis. Animi sint quos ut cumque rem cum. Repudiandae accusantium libero maiores. Aut soluta at cumque ut aliquid. Blanditiis est amet voluptatem quo. Nulla nobis maxime ea incidunt quia sint rerum. Consectetur vel fugit eveniet adipisci sit. Est aut laudantium quis debitis officia. Molestiae fugiat quam et libero inventore ea velit. Repellat quibusdam ab quia commodi sint ratione nemo. Dolor possimus ratione vero eius eos dolorem omnis. Nemo et omnis nihil ad aliquam repudiandae repellendus nesciunt. Atque et perferendis ipsam neque fugiat. Consectetur molestias vel est alias non a sed. Architecto ratione qui maxime corrupti delectus perferendis. Dolores amet eaque et corporis quia recusandae ipsa. Sint dolorem ut quod nostrum aut nihil. Consequatur provident eos corrupti. Saepe sint qui vel. Voluptatem et quis esse sed non nostrum quis. Officia laudantium molestiae dolores at accusamus. Quas qui soluta est dolore vero odit dolorem accusantium. Beatae nostrum ut dolorem earum debitis est. Reprehenderit incidunt qui aut asperiores et ut enim. Dolor eum voluptate non enim quam ut repellendus. Qui adipisci voluptatum illo ipsam eos omnis. Et architecto dolor adipisci dolores voluptate dolorem veniam. Optio quas fugiat est voluptas tempora. Asperiores blanditiis neque incidunt neque qui omnis aut. Ad omnis consequatur labore quasi omnis in. Quasi veniam aut sit repellat tempore non et. Deserunt placeat dolores rerum distinctio voluptatem temporibus nostrum. Molestiae sed quod expedita architecto dolore veniam dolor. Sunt qui hic nihil voluptate porro. Molestias velit ullam id. Magni sequi id et dolorem non nam commodi sequi. Natus laborum eligendi doloribus non repellendus laborum.', 'https://via.placeholder.com/1280x720.png/00dd77?text=nam', 1, 1, 10, '2023-11-09 00:20:26', '2023-11-09 00:20:26', '2023-11-09 00:20:26'),
(23, 'amet tempora in voluptatem.', 'quos-dolor-consequatur-qui-maxime-saepe-ex', 'Eum possimus suscipit atque minus. Eum ut dolorem cumque ducimus tenetur. Reiciendis aut et sequi quidem blanditiis sed magnam. Voluptas et eius ipsam porro quis delectus esse.', 'Sed eligendi repellat voluptates saepe quis et totam. Recusandae porro vel delectus velit atque. Dolores quos non ducimus est sed. Ipsum qui repellat a voluptatibus qui laboriosam id quia. Nisi ut doloremque alias maxime nostrum omnis. Laborum magni autem laboriosam dignissimos. Aliquid eius animi accusantium placeat voluptates aperiam vel. Qui expedita et est necessitatibus est cum. Aut non voluptatem ut quia. Consequatur facere quia recusandae ut ut. Expedita pariatur eligendi quo sit nesciunt impedit nemo sit. Enim et aliquam voluptas odit rem mollitia necessitatibus accusamus. Voluptates accusantium qui sit corporis ratione. Et ut ipsum porro et ea maxime et. Vel adipisci perspiciatis dicta qui voluptatem quam sapiente. Quo deserunt nobis illum. Ut incidunt fugit ducimus. Excepturi suscipit qui quibusdam. Recusandae asperiores dicta rerum quia vero. In voluptates quia ipsa dolorum ut porro. Eos voluptatum quis laboriosam dolore. Accusantium similique praesentium voluptatibus omnis laboriosam et asperiores. Quis officiis aut blanditiis ad rerum. Voluptatum ipsam id enim eum. Id aperiam qui adipisci. Deserunt sit est quasi saepe velit debitis at accusamus. Voluptate id veritatis ut qui quia. Earum et rerum debitis cum quo culpa. Sint neque repudiandae qui exercitationem dicta. Nam voluptatem laborum nostrum sunt eveniet rerum. Enim incidunt ad et eligendi ut. Optio quisquam nihil alias voluptatem enim tenetur quis. Omnis placeat minus et eum fugiat. Ut maiores voluptate ea aut consectetur voluptatem repellat. Cupiditate fugiat ex id dicta. Culpa illum doloremque cupiditate excepturi ea omnis dolorum. Voluptatum sequi illo et molestias totam repellat unde. Quisquam sunt ut quisquam sapiente dolorem. Velit eaque distinctio ut quasi. Modi delectus labore eius. Minima accusantium deleniti cupiditate natus occaecati. Aut minus repudiandae praesentium provident at illum. Inventore repellendus illo ipsa dignissimos sed. Modi animi quia adipisci facilis voluptas.', 'https://via.placeholder.com/1280x720.png/00ddee?text=esse', 1, 4, 9, '2023-11-09 00:20:26', '2023-11-09 00:20:26', '2023-11-09 00:20:26'),
(24, 'molestiae omnis quasi hic qui.', 'molestiae-qui-vel-quo-velit-mollitia-commodi', 'Neque ratione autem et voluptas quia et. Eos quaerat laudantium quaerat iusto saepe suscipit in provident. Quia eligendi placeat eum reprehenderit velit velit.', 'Voluptates et consequatur eligendi quas quia voluptas. Ut doloribus aliquam aperiam est expedita adipisci eos. Laborum laborum consequatur quam qui. Labore temporibus dolores dignissimos quos ut hic aut. Sit atque porro praesentium dolore qui. Pariatur temporibus quos aut placeat. Enim reiciendis tempora ut mollitia voluptates. Necessitatibus vero nemo non non porro iusto et. Quia consequatur sunt officiis sed repellendus. Suscipit doloribus accusantium eos autem. Maiores ducimus quidem dolore molestias omnis. Maiores dolore asperiores quis non consequatur itaque. Quia explicabo sint aliquam autem ratione non architecto. Assumenda praesentium molestiae ullam nobis. Porro voluptas quo pariatur repudiandae. Est rerum et nulla facilis perferendis esse cum. Et mollitia vitae dolorum. Velit quasi dolorem aut et. At fugit rem ea sit expedita totam qui. Rerum perspiciatis neque tempora eligendi. Iste nemo corporis rerum molestiae beatae tempore. In qui amet et placeat nisi. Officiis sunt repudiandae sint ut. Soluta eaque omnis quia voluptatibus. Repudiandae in eveniet modi sit veritatis qui suscipit. Vero id aut adipisci asperiores non consequuntur quod possimus. Sint sit molestiae earum praesentium necessitatibus culpa. Ullam voluptatem quibusdam voluptatum eum voluptates ut minima. Perspiciatis reprehenderit facilis non dolore. Dicta quos iste aut dolores aperiam et aliquid corrupti. Maiores voluptas veritatis vitae suscipit similique quos perspiciatis a. Beatae illum quisquam rerum voluptatem et. Neque sequi quibusdam provident voluptatum veniam quaerat consectetur tempore. Eos voluptatem dignissimos aliquid officiis. Harum aliquid blanditiis iure ducimus iusto fuga. Magni quo fugiat nihil omnis qui. Explicabo unde tenetur vel deleniti optio tempore pariatur rerum. Vel recusandae vel architecto saepe natus magnam animi.', 'https://via.placeholder.com/1280x720.png/0066cc?text=et', 0, 5, 12, NULL, '2023-11-09 00:20:26', '2023-11-09 00:20:26'),
(25, 'excepturi aut iusto eligendi animi ullam.', 'dolor-aut-dolores-sit-minus', 'Quidem et ad consectetur quos ipsa quo. Non quo corporis aliquam voluptas qui voluptatem voluptas. Quis voluptatibus dignissimos laudantium cum repellendus qui.', 'Quae voluptate dolore fugit inventore. Dicta quae aperiam vel nostrum molestiae. Quaerat consequuntur voluptatem voluptates omnis laborum. Est doloremque cum ut ea blanditiis. Eum animi laudantium dolore nihil. Pariatur voluptates aut doloremque est. Voluptatem eum sapiente iste eveniet qui inventore. Vitae quia deserunt fuga aut delectus occaecati. Porro totam minus aliquam occaecati doloremque. Doloremque non facere omnis minima qui et magni et. Laudantium et quibusdam id unde porro voluptatem ea eum. Consectetur similique praesentium non quia quia illum consectetur. Debitis ratione nostrum officia sit rerum rerum error. Sit et consectetur ipsam est minus non sunt qui. Corrupti aut sit rerum qui quisquam. Enim laborum repellendus et nobis id. Nam cum et enim nam aperiam. Quis quidem dicta inventore qui ut. Odio sit mollitia veniam molestias aut dolorem eaque. Aut unde eveniet ad incidunt totam temporibus. Eveniet adipisci ipsa vel molestias doloremque neque fugit. Consequatur et dolor qui architecto ea. Vel aspernatur similique exercitationem. Distinctio tempore fugiat laudantium et explicabo quam ipsum. Numquam quos et omnis laborum nihil at sunt. Sit ut aut dolore repellendus vel repellendus qui. Qui ex qui ab sed. Asperiores quo quisquam adipisci qui quasi praesentium. Inventore consequatur sapiente et dignissimos in soluta. Dolores non et iure deleniti rerum. Nihil velit voluptas laudantium accusamus. Laborum commodi ea eum dolore velit. Sed perferendis hic magnam voluptatum. Quia aliquid sit perferendis possimus eos culpa sed. Nihil odio quo est qui minima dolore tempore. Voluptatum saepe iusto est molestias quis aliquid placeat adipisci. Dignissimos vitae eum corrupti. Officiis sed mollitia consequatur optio. Eos illo accusamus ipsa error nostrum explicabo distinctio. Molestiae ipsum harum eum aut sint odio qui. Laboriosam et est neque dolorum unde. Consequuntur quia asperiores et nihil cum sapiente.', 'https://via.placeholder.com/1280x720.png/0000aa?text=autem', 0, 1, 14, NULL, '2023-11-09 00:20:26', '2023-11-09 00:20:26'),
(26, 'ea error voluptatem natus vero sequi amet.', 'quidem-molestias-expedita-dignissimos-ut', 'Aliquid voluptatem perferendis deleniti aut. Veniam aut eius ut dolorum ut. Autem accusamus id id beatae.', 'Sit amet veniam eveniet aspernatur animi dolorem quo. Quo magni recusandae rerum. Aspernatur odio praesentium hic explicabo animi. Sapiente et fugit et repellendus aut omnis ut veniam. Eos exercitationem ipsam perspiciatis tenetur et non. Tempora expedita quo voluptas et ipsam minima. Necessitatibus et quia vitae autem est. Voluptatem atque dolore amet facilis. Provident error minima modi dolores dicta sit. Consequatur incidunt omnis unde sed dolor adipisci. Voluptatem qui omnis mollitia rem esse esse. Alias excepturi et impedit accusantium recusandae optio ea. Eaque est expedita velit quis alias. Voluptatum expedita est et. Est rerum alias esse illo nulla. Voluptatem modi repellendus amet porro incidunt consectetur. Labore minus aspernatur reprehenderit commodi. Tempora alias eaque animi est dignissimos. Impedit ullam et temporibus explicabo impedit asperiores provident. Unde quis hic neque tenetur incidunt. Odio vel tenetur sapiente placeat. Quas libero harum quod rerum rem odit. Nihil aut quas officia unde eaque. Nam consequuntur molestiae recusandae consectetur enim. Sed sed blanditiis nisi corrupti repellat a laboriosam. A nihil quidem ex dolore consequatur sit. Fugiat qui dolorum perspiciatis accusamus aut quo. Ea quidem accusamus architecto laboriosam quasi. Voluptate in sed doloremque voluptas est libero ut. Sint ipsam voluptatem unde dolore voluptatum reiciendis. Accusamus in amet similique nostrum repellendus eum suscipit. Illo vel dicta eius et velit rerum dolores. Beatae excepturi totam sunt sunt veniam. Eaque porro nulla esse non explicabo modi. Atque sapiente voluptatum consequatur dolor sit. Reiciendis omnis harum quia a rerum. Culpa voluptate ratione sed voluptatem et recusandae quo. Officiis repudiandae et corporis aut. Ut ab nisi dolor et possimus autem sint. Soluta explicabo quia modi esse quas cumque sed incidunt.', 'https://via.placeholder.com/1280x720.png/0022bb?text=non', 0, 5, 1, NULL, '2023-11-09 00:20:26', '2023-11-09 00:20:26'),
(27, 'ut maxime fugiat architecto velit.', 'eos-et-temporibus-sunt-nam-aut', 'Eius minima officia sit facilis. Et amet laborum debitis quasi in optio aut quae.', 'Recusandae voluptas dolore veritatis velit omnis. Culpa rerum fugiat ex quisquam. Fugit ut omnis sit et. Ab maxime aut dolorum et qui. Magnam qui voluptas iusto et cumque voluptatem eum. Cupiditate deleniti aut dicta sit aut cupiditate quia. Molestias nisi et error et qui nihil. Neque atque perspiciatis minima laboriosam minus vitae. Iusto sit voluptas aliquam id. Eius necessitatibus est labore libero voluptatem rerum ut. Ab sed quidem molestias id officia nobis. Ea error veritatis facere quasi eveniet accusamus. Quo debitis distinctio deserunt sed suscipit assumenda. Nostrum neque ea qui maxime debitis accusantium. Quos assumenda quo reiciendis iste et consectetur. Iure iure voluptatem est vitae. Ab deserunt et sit tempore velit aspernatur. Animi qui molestias temporibus quidem. Est harum necessitatibus animi non nostrum et voluptas error. Rem porro quaerat quisquam incidunt omnis. Eveniet distinctio optio provident ut. Itaque voluptas incidunt quisquam maxime. Nemo architecto aliquam possimus ab hic laudantium. Dolor reiciendis deserunt voluptas sint est. Aut et non atque culpa natus non. Mollitia dolore tenetur eveniet facere sequi ex qui. Ad laboriosam aliquid neque laborum delectus optio corrupti esse. Doloribus deserunt perferendis eum enim dolores. Exercitationem quasi perspiciatis consequatur eum consectetur praesentium nostrum officiis. Iure qui possimus aut. Et ex reiciendis et ad. Quos delectus aut nisi laudantium vel tenetur natus quam. Nemo numquam eaque officia vitae et et. Sint non nulla id consequatur similique reprehenderit molestiae. Et laborum velit aut saepe est necessitatibus. Enim consequuntur cumque sit quia sint et et amet. Quisquam natus reiciendis ut nesciunt velit dicta cupiditate. Cumque ab hic voluptates itaque libero explicabo. Illum sint consequuntur qui. Reiciendis quaerat consequatur aut eum. Fuga sit eos ea velit rerum architecto omnis.', 'https://via.placeholder.com/1280x720.png/000044?text=sunt', 0, 1, 1, NULL, '2023-11-09 00:20:26', '2023-11-09 00:20:26'),
(28, 'et nisi debitis omnis voluptate tenetur aut deserunt ex.', 'quia-quia-dolore-consequatur-consequatur-harum', 'Nemo laudantium voluptatum enim perspiciatis sapiente. Reiciendis est rerum aperiam modi ea. Sit iure quos ratione qui earum sequi. Incidunt autem et est maiores ea.', 'Laboriosam quisquam minima ut totam alias cupiditate dolorum. Eum sint delectus minus corporis veritatis est. Occaecati qui dolorum ipsum perspiciatis amet occaecati. Sit vel voluptas qui facilis. Qui sint dolorem nostrum quos. Architecto enim dicta minima quia perferendis. Libero unde est repellat aspernatur ut. Corporis eos quos voluptas. Necessitatibus rerum accusamus ipsum quia est possimus optio. Provident dolores dolor quasi. Assumenda sunt et ea quia. Maxime pariatur odit sint porro numquam sed. Dicta voluptas eos dolores rerum ullam id quis nostrum. Consequatur consequuntur voluptatibus sint aut fuga maxime. Earum cupiditate voluptatum iure omnis. Consequatur sunt odit voluptas voluptas totam ut. Et adipisci quis modi odit occaecati quod iure. Et voluptas quis sunt nihil. Reiciendis optio nulla incidunt illo maxime. Sequi nesciunt eveniet explicabo quas modi. Placeat tempore modi ducimus aut quam incidunt. Minima eos consequatur maxime aut est reprehenderit. Voluptatem tenetur molestiae deleniti voluptas. Nobis sequi at sunt sit quibusdam. Rerum aut soluta voluptas totam officia quam. Minima unde officiis et dolorem recusandae dolore. Autem ullam molestias necessitatibus laboriosam similique ut ut. Voluptatum error laudantium vel aut. Possimus ea sunt accusamus sit deserunt tenetur. Dolore quia voluptatum numquam dolorem autem sint. Eveniet qui maiores quia quis. Culpa a magni soluta tempore aut eos perspiciatis vel. Architecto officiis quisquam cupiditate. Saepe non aut delectus expedita culpa dignissimos natus ut. Ea eum officia quia tenetur quis maxime maxime. Corporis sit voluptas similique sit et est. Enim dolor reprehenderit delectus et dolorum numquam quo. Assumenda dignissimos ut ut ad atque non. Suscipit deserunt cupiditate aut voluptatem. Vel ea qui a iste odit. Error voluptas qui et nulla alias. Sit rem explicabo sequi repellendus velit porro. Aut ut tenetur architecto culpa. Cupiditate quos numquam rerum saepe et.', 'https://via.placeholder.com/1280x720.png/0000dd?text=neque', 1, 3, 3, '2023-11-09 00:20:26', '2023-11-09 00:20:26', '2023-11-09 00:20:26'),
(29, 'at suscipit voluptas ut sint fuga facilis vel.', 'dolorem-eos-vel-cum-voluptas-blanditiis-facilis', 'Rem accusamus provident dolor minus omnis debitis non. Quia esse inventore rerum alias nisi. Odit voluptatem voluptatem nobis ea amet. Qui est vel inventore molestiae sed.', 'Quis consequatur incidunt cumque occaecati voluptate accusamus consequatur. Nemo deserunt omnis officiis minima exercitationem placeat necessitatibus. Iure dolor dignissimos non reiciendis omnis rerum aliquid. Aut quia accusamus reprehenderit dolor quam beatae aut. Necessitatibus aut dignissimos dicta nobis delectus velit. Et est et tempora nam at enim. Est est id eveniet consequatur aut quis. Velit blanditiis explicabo nesciunt tempore autem nesciunt inventore. Ut pariatur dicta velit sed dolores est. Nulla occaecati iste nobis. Voluptatum veniam doloribus magni porro aut eveniet. At cumque a vel eum nisi reiciendis vero. Dolor dolor suscipit voluptas. Illum sit eos sit saepe inventore et. Dolorum pariatur qui facere. Odit quam eaque occaecati temporibus laboriosam sed. Nihil enim aspernatur omnis tenetur praesentium perspiciatis magnam. Quaerat praesentium dicta sunt aut adipisci doloribus totam. A necessitatibus nostrum velit mollitia. Officia voluptatem et quas voluptatem inventore impedit et. Exercitationem alias ut harum earum eos. Eos aut facilis quidem deserunt earum. Id ut tenetur odit sed dolorum. Velit eligendi sit consequuntur modi autem soluta. Suscipit qui repudiandae quae nulla. Maiores ipsa tempora dignissimos ab. Tempore dolorem repellat optio et in. Aut dolore facilis reprehenderit laboriosam vel cupiditate. Delectus debitis dolorem voluptatum sed placeat praesentium et quidem. Ut excepturi quae quia magnam fugit. Natus veniam rerum a eum. Vitae maiores omnis voluptatem consequatur fugiat et. Doloremque assumenda unde aut debitis explicabo. Enim doloribus aut ex sequi. Repellat quidem voluptate et placeat ex. Saepe laudantium sed rem. Quod veritatis deserunt iste harum omnis. Consequatur distinctio velit tenetur vel et optio ut vero. Tempore est tempore sequi. Voluptate ratione dolorem sed. Mollitia eos quis fuga.', 'https://via.placeholder.com/1280x720.png/00ccee?text=aut', 1, 5, 2, '2023-11-09 00:20:26', '2023-11-09 00:20:26', '2023-11-09 00:20:26'),
(30, 'et qui doloremque delectus laboriosam ex voluptatum.', 'ut-eligendi-ut-iure-qui', 'Et debitis cumque quam placeat quo sit laborum mollitia. Est commodi ut repellat voluptatum. Incidunt porro consectetur dignissimos saepe et. Explicabo similique totam optio excepturi earum.', 'Dolore molestias quibusdam et ab maiores pariatur optio cum. Sed explicabo ut eum sit. Sed omnis temporibus rerum ipsam fuga occaecati animi eos. Voluptatem quos doloremque tenetur illo minima. Optio aperiam quas at nobis ipsa. Minima atque ex cumque harum nam delectus. Qui quibusdam et quis voluptates repudiandae. Officiis dignissimos sit voluptas voluptas illum similique. Eum repellat et quaerat. Commodi qui ut ea dicta. Saepe quia itaque quia et qui provident. Cumque quia quo error voluptatem qui deserunt minus. Ut qui asperiores dolor assumenda labore. Deserunt qui qui enim iste ut cum. Maiores nobis eos quidem voluptatem. Assumenda dicta voluptatem in possimus qui qui. Doloribus qui eveniet exercitationem sunt est et. Debitis ad soluta magni nostrum. Eaque iure repellat ipsa. Fugiat mollitia delectus doloremque eum illo assumenda. Cupiditate cum ab debitis autem. Natus sed aut et id. Impedit quis totam aut excepturi quos nihil possimus. Quasi atque aspernatur non inventore excepturi aut quis nobis. Culpa eum perspiciatis et accusantium et numquam quo et. Qui mollitia in consectetur corporis distinctio. Incidunt odit et dolores ducimus qui sit rerum. Quia quia quos odio perferendis qui animi similique et. Et laudantium ut laudantium ad eius ad quisquam quis. Doloremque eum nisi odio autem rerum a maxime. Atque illo autem at ab rerum consectetur pariatur. Vel totam deserunt provident atque culpa eum. Tempora ad quam aut et sed ut voluptas quod. Ad cumque itaque molestiae molestias fuga. Perferendis cum et expedita explicabo ea doloremque sed. Odit exercitationem consequuntur voluptatem eveniet praesentium nisi. Velit quidem eveniet sit sit. Neque exercitationem id eligendi eos delectus dolor ducimus. Quo at quae fugit amet ex est. Assumenda blanditiis quos in delectus eaque quaerat. Nemo eveniet qui dolorem blanditiis voluptatem porro et beatae. Qui similique nemo incidunt et saepe aut. Non omnis expedita occaecati temporibus odit pariatur ratione.', 'https://via.placeholder.com/1280x720.png/009911?text=quia', 0, 4, 6, NULL, '2023-11-09 00:20:26', '2023-11-09 00:20:26'),
(31, 'corrupti iste in sapiente laboriosam.', 'ut-non-ut-fugiat-natus', 'Voluptatem facere labore quas ut consequatur et. In atque totam quia voluptas non impedit quis.', 'Autem officiis sit consequuntur dolorem ut. Voluptatem voluptates laboriosam accusamus iste ut laborum. Perspiciatis quia soluta eaque. Sunt aut consequatur mollitia cumque sapiente voluptas. Aut ut quis perferendis. Culpa labore repudiandae id consequuntur qui assumenda. Perferendis esse accusamus aliquam. Placeat non ut dolores qui. Fuga tempore velit nihil et quia. Doloribus dolores totam quia incidunt officiis. Quam sint expedita similique sapiente qui quaerat esse. Unde ut in quisquam dolores ipsum et voluptate dicta. Voluptate soluta possimus omnis asperiores non atque. Voluptatem iste consequatur qui non eveniet nostrum. Id odit ducimus corporis commodi animi minus. Nam reprehenderit sequi reprehenderit qui commodi et quisquam omnis. Ut quis et ipsa iste sunt saepe. Omnis rerum officiis rerum dolorem unde. Ratione alias modi quam quia vel sapiente dolorem. Quia ut incidunt nihil architecto nisi minus modi aliquam. Libero temporibus veritatis possimus ut. Eum qui et saepe necessitatibus ducimus vero. Fuga aliquam omnis qui dolores. Quaerat nihil distinctio repellendus. Quasi commodi nemo architecto dolor et. Qui accusantium alias dignissimos magnam. Quia repellat distinctio dolores corrupti et occaecati officia. Eius ut et at commodi occaecati consequuntur voluptas. Unde dolorum iste sint quos consequatur aspernatur enim. Commodi inventore ipsa adipisci et nihil rerum est fugit. Sit accusamus mollitia rerum doloribus sint. In voluptas aliquid ipsa cupiditate quos qui dicta. Omnis at ut quam est et id architecto. Rerum eum nam est adipisci velit. Modi non et illo. Non odit facilis eveniet error voluptas aut aut animi. Quis nam autem odit consequatur et quae deserunt atque. Molestias dicta autem dicta ipsam fuga et ipsam. Non nisi hic ut nesciunt illum dolorem. Dolores molestiae facere occaecati omnis laborum qui. Accusantium laudantium consequatur cumque facere eveniet. Quisquam error accusantium et. Fuga magnam perspiciatis nulla soluta tempora aut quo.', 'https://via.placeholder.com/1280x720.png/00ffcc?text=quia', 1, 1, 5, '2023-11-09 00:20:26', '2023-11-09 00:20:26', '2023-11-09 00:20:26'),
(32, 'ut ab reiciendis veritatis.', 'id-cumque-quisquam-veritatis-ut-deserunt-quis-animi-non', 'Ducimus nemo possimus saepe in sit recusandae quia. Quas assumenda quia quidem debitis. Est veniam eius nihil necessitatibus. Quaerat vitae labore eum beatae nam. Qui at inventore id illum.', 'Provident quos natus similique aut quo. Cum veritatis assumenda sunt. Voluptas est omnis sapiente et fugit ipsam sed. Incidunt voluptatem est qui. Eum labore illo eos nobis sit consequatur. Omnis aut error ut vel soluta veniam nemo. Sit voluptas saepe veniam minus. Molestias id officia mollitia iste sunt. Adipisci nihil ipsam ipsum nihil adipisci. Rerum sint optio eaque et ad. Ipsum voluptas ut ex odio ut animi quasi. Quas dolorem rerum quod et libero. Quae omnis dolor aut quibusdam. Eos eos est ea iusto. Voluptatem mollitia unde aut amet nisi porro. Atque qui aliquid enim neque est deleniti. Expedita numquam nostrum omnis laboriosam nam. Possimus illum dolores tenetur et modi. Eos temporibus unde molestias dolorem. Quo blanditiis placeat reprehenderit. Rerum nostrum sunt quos enim in. Iusto sunt sapiente et quod a. Et cum harum atque quis fugit consequuntur dolor. Odit ut libero ad ducimus dignissimos et dolorum. Autem sunt ut doloribus quis. Qui pariatur qui quia quo culpa reiciendis. Quo qui aut aliquid sunt est laboriosam facere inventore. Culpa voluptatum aut ut quia nihil nihil aut. Nihil a ex enim deleniti. Quia quia ex aspernatur consequuntur. Quia ducimus dolores voluptatem omnis. Nihil tempora recusandae alias vel sed facilis. Ut esse sunt nemo non consequatur accusamus. Nam quis adipisci id et. Minima ut optio ea aliquam. Repudiandae sunt unde veritatis molestias. Amet quo recusandae veritatis a nemo corporis et. Aut expedita sint autem saepe est. Incidunt et porro temporibus asperiores aspernatur est. Qui et qui quia est nostrum laboriosam. Provident asperiores non et exercitationem doloribus exercitationem totam. Dolorum alias eum beatae ea maiores qui. Distinctio aspernatur perferendis sunt id expedita voluptatem. Magnam qui velit et ut. Nemo praesentium laboriosam enim at quia. Labore voluptatibus esse vero quaerat porro. Et accusantium reprehenderit quam enim corrupti ex nulla. Atque enim et distinctio eaque numquam ipsa aperiam.', 'https://via.placeholder.com/1280x720.png/0044ee?text=culpa', 0, 1, 15, NULL, '2023-11-09 00:20:26', '2023-11-09 00:20:26'),
(33, 'dignissimos tenetur nemo maxime accusamus et quasi expedita.', 'odit-reiciendis-ab-eius', 'Quibusdam dolorem tempore libero minima. Qui enim illum magni. Tempore quis nulla occaecati voluptates aperiam alias earum. A tempora dolor esse nesciunt architecto aperiam eius.', 'Architecto a ipsam corrupti ea eius. Doloribus fugit voluptatem odio. Adipisci blanditiis earum autem est. Aperiam delectus quod voluptas ducimus. Repudiandae natus aut odit natus laboriosam odio quis. Ipsa dolore asperiores sit maxime repellat. Rem dolorum consequuntur labore sit. Ea omnis sit eius aut beatae. Alias necessitatibus ut deserunt architecto. Libero molestias autem laborum aut qui officia. Praesentium ad et id omnis iure dolorum velit. Vero cumque itaque vero ut. In reprehenderit quam dolor consequatur illum optio minus. Quia ratione voluptatem adipisci eius esse velit. Illum consectetur hic cum. Mollitia cum assumenda ratione unde esse pariatur. Vel repudiandae vitae blanditiis ipsa minima omnis voluptas et. Earum labore sit et. Minima quas repellendus et expedita natus. Et quidem at autem repudiandae animi perspiciatis. Et est illum quia. Repudiandae sunt accusamus qui. Repudiandae eos deleniti qui laudantium magnam et. Quasi cumque vero et aliquam incidunt hic. Dolorem sequi dolore quia aut magnam cupiditate. Praesentium placeat tempore error voluptatibus et voluptas distinctio sint. Occaecati ut est blanditiis repellat a sequi aut. Reprehenderit rem corrupti quos id et et qui. Nam doloremque itaque qui. Fugit velit doloribus dolores aperiam id aut aut et. Fugit eum quia dolor est. Ut ipsa quasi ab quam aut aut qui illo. Ut animi consequuntur quod magni possimus quod. Dolorem nobis error qui qui molestias voluptatem. Eos iste reiciendis consequuntur dicta repellendus. Officiis molestiae fugit et quia laudantium sit. Est id amet omnis dolores. Perspiciatis qui ea ea et et sequi excepturi. Quaerat eos doloremque illo eos autem. Et eaque consequatur aspernatur aut molestias qui. Earum est fuga qui in. Nihil magnam voluptate est. Perferendis fuga soluta molestias atque qui alias est. Id est explicabo magnam qui in vel voluptatem.', 'https://via.placeholder.com/1280x720.png/002233?text=dolorem', 1, 1, 5, '2023-11-09 00:20:26', '2023-11-09 00:20:26', '2023-11-09 00:20:26'),
(34, 'eligendi id ut et et quas dolorem saepe.', 'aliquam-consequuntur-quaerat-qui-ad-sit-est-et', 'Iure voluptatem dolore quod dolore et officiis aut. Ratione laboriosam unde laudantium sed nobis aliquam impedit. Necessitatibus sed esse quia beatae.', 'Sit temporibus necessitatibus dignissimos sequi omnis cumque. Eum quod vero est qui quos quae quia. Iure officiis voluptatem voluptatem voluptas eligendi dolor. Eligendi cum tempora similique quae odio cupiditate aut. Unde ullam vel dolore perferendis. Ipsam dolorum incidunt aliquid mollitia molestiae nostrum. Est id dignissimos iusto aut. Magnam excepturi vel consequatur quod vitae tempore repudiandae ut. Sapiente assumenda et ullam aut facere placeat qui. Vel ullam maiores dolorem aut. Omnis molestiae ut et non soluta explicabo. Facilis ducimus id quasi non et. Harum non mollitia natus qui dolor consequatur. Rerum est voluptatem quidem optio sed quisquam. Autem ex quisquam odit et adipisci. Possimus laboriosam qui beatae voluptas enim adipisci aliquam maxime. At corrupti corrupti quidem deserunt. Temporibus dolores aliquid eius quae quis quia consequuntur. Et tempora commodi autem inventore non. Excepturi et distinctio in est. Autem dolores voluptas accusantium ut mollitia aut. Et quae consequatur incidunt totam. Nostrum mollitia cum animi omnis consequatur alias praesentium. Et omnis aut labore ut quia id. Aliquam debitis iusto voluptas vel consequatur. Nihil quia expedita necessitatibus explicabo. Quas placeat sapiente incidunt. Ea velit et qui sit. Deleniti ex saepe deleniti omnis et ex. Nam consequatur vel accusamus expedita. Culpa et qui aspernatur nihil. Doloremque exercitationem neque assumenda et quas commodi. Eum voluptas sapiente sed repellendus libero et architecto. Fuga ad facilis blanditiis sed fugiat enim alias. Illum incidunt vero eum culpa. Harum voluptatem iste voluptatem consequatur ullam. Explicabo aut quidem expedita rerum magni. Voluptas et quas sunt illo eum. Dolorum pariatur consequatur rerum sequi non magnam et dignissimos. Occaecati sapiente ut eum corporis error facere et. Molestias magnam ad perspiciatis iste illum.', 'https://via.placeholder.com/1280x720.png/0055ff?text=et', 0, 1, 3, NULL, '2023-11-09 00:20:26', '2023-11-09 00:20:26'),
(35, 'beatae cum reiciendis at quia vitae.', 'aut-rerum-ut-ipsam-quis-quisquam-similique-blanditiis', 'Amet dolor et eum numquam. Facere quasi reiciendis et non. A hic itaque impedit amet. Neque et est maiores mollitia omnis.', 'Sit officiis id qui a excepturi nihil quis. Et eligendi nihil in eveniet deserunt perspiciatis est. Qui quia unde id dolores. Earum corporis ex amet perspiciatis. Itaque quos omnis eius ut fuga sit. Quo quaerat dolorem consequatur. Veritatis est quod minus aliquam. Quis est accusantium optio cum reprehenderit voluptatem. Corrupti veniam beatae eum expedita et labore. Necessitatibus qui error maiores vero voluptas. Aut laborum voluptatem ab dolorem id et quo esse. Iusto odit voluptatibus nemo recusandae dolorum perferendis. Aliquid ipsa dolorum eveniet. Sed reprehenderit earum et ut. Maiores quae esse ut aut est. Quas excepturi repellat tenetur accusantium. Culpa itaque laborum animi quisquam. Ducimus iusto labore quia sed quod praesentium. Id illo iure aut. At inventore at dicta non culpa dolores. Veritatis est provident rerum. Et est blanditiis dolorem odio. Corrupti esse dolorem enim necessitatibus sunt molestias. Minus non ut aut quo beatae accusantium. Autem modi similique sint impedit. Nemo harum et beatae praesentium. Assumenda commodi repudiandae alias voluptate eaque. Perferendis voluptatem minima totam enim est omnis. Asperiores officiis officiis qui repellendus quae deserunt. Animi officiis totam culpa minima sapiente ut. Quo atque ipsum ullam totam eum. Sint libero quas modi debitis. Repellendus vel perspiciatis tempora. Voluptate et exercitationem iste fuga soluta aut. Molestiae cupiditate nam dolor officiis soluta atque nihil. Ullam tempore est qui accusantium est beatae ut. In perferendis et pariatur consequatur repellendus architecto sapiente quis. In ipsa eaque minus dolorum nesciunt velit magnam. Vitae qui harum porro neque dolorem. Odit facere sint eum aut ipsum quod saepe optio. Exercitationem sunt et porro qui corrupti. Accusantium ut tempora et minima reprehenderit qui. Esse officiis harum sed.', 'https://via.placeholder.com/1280x720.png/00ff00?text=inventore', 1, 3, 17, '2023-11-09 00:20:26', '2023-11-09 00:20:26', '2023-11-09 00:20:26'),
(36, 'occaecati incidunt eius ut corporis ducimus aliquam sunt.', 'ducimus-quos-et-itaque-incidunt', 'Dolores quibusdam quis quae. Accusamus tenetur provident repellat sunt ut. Qui veritatis commodi maxime consequuntur laborum tenetur nam. Omnis ea nemo vel est.', 'Vel cumque dolor tenetur enim repellat alias. Sunt qui inventore facere est. Rerum molestiae aut neque deleniti. Dolor vel est magnam odit non. Sit beatae magni enim quas vitae non accusamus. Modi commodi autem omnis saepe ut et. Porro cum eaque similique nisi sit deserunt voluptates. Qui dolorum molestias ea amet autem. Vel non cumque molestias incidunt in aliquam aperiam. Possimus voluptates sapiente perspiciatis amet architecto optio asperiores. Perferendis consequatur ut ut aut sequi deserunt. Aperiam minus maxime eos et beatae sed. Dolorem nostrum quidem sequi est assumenda beatae distinctio. Ratione temporibus dolores est tempora consequatur quos. Natus possimus quia accusantium temporibus maiores. Qui id blanditiis qui et dolore in. Perspiciatis optio omnis officiis asperiores ea dolores. Sit error mollitia delectus nobis. Et quia error temporibus doloribus voluptas voluptatibus impedit. Reprehenderit omnis et at et provident numquam sapiente veniam. Et et harum maiores provident. Ut nobis nam corporis neque impedit aliquam sit. Non error enim excepturi et exercitationem voluptatem ut expedita. Quaerat nobis nobis voluptas expedita possimus ut. Quas omnis eaque minus et aut repudiandae. Doloribus tempora in atque quasi assumenda numquam corporis. Officia necessitatibus blanditiis expedita magni inventore consectetur. Ad odio non autem mollitia rerum omnis nulla. Occaecati aut repellat consequatur praesentium consequatur. Delectus ex recusandae aut. Fuga modi minus molestias in officiis minus aliquam ipsa. Autem fuga rem ut repudiandae. Quo dolorum dolorum eaque. Ut ratione aut consequuntur quam dolores dolores. Totam labore rerum blanditiis. Magnam doloribus totam repudiandae eligendi esse cupiditate. Veniam quibusdam esse aspernatur doloremque deserunt qui ab. Cupiditate veniam qui qui. Sit illo dolorem dolorum sit cum. Et voluptatum voluptas voluptatem neque.', 'https://via.placeholder.com/1280x720.png/0044aa?text=culpa', 0, 4, 5, NULL, '2023-11-09 00:20:26', '2023-11-09 00:20:26'),
(37, 'et explicabo ipsa dolorem ipsam aut vel.', 'sed-magni-deleniti-quo-eius-et-cum-consequatur', 'Totam assumenda necessitatibus id saepe. Incidunt qui aperiam corrupti odio eveniet. Eum voluptatem facilis eos debitis sunt alias nisi.', '<p>Nihil sint voluptatem quaerat animi sapiente et adipisci. Quam et veniam autem. Eligendi deserunt quo autem sit et officiis exercitationem dolores. Voluptatem saepe ipsa facere tenetur fuga dignissimos impedit. Est quae soluta dolorum ratione quae. Est eos distinctio voluptas doloremque. Necessitatibus cumque est et excepturi. Nihil similique magni quia. Ea commodi autem sed. Nihil veniam quae est unde inventore voluptates quia. Quam rem dolor alias dolorem. Dolorem dolor ut voluptatem beatae. Debitis sint et quis consequatur. Rerum ut eius vitae maiores magnam incidunt. Vel consequuntur vero accusantium consequatur voluptate. Eum molestias accusantium omnis consequuntur distinctio. Aut qui voluptates nihil quia et quasi. Magnam soluta eligendi non dolore. Amet soluta magnam itaque eos. Illum illo fuga placeat voluptatem. Eos delectus ipsam molestiae nobis. Adipisci earum debitis aut praesentium cum. Numquam velit voluptatem minus quia rerum. Accusamus quas voluptatem qui. Sunt expedita error suscipit eligendi natus aut eos. Id reiciendis nobis maiores sapiente tenetur molestiae vero. Autem commodi et ipsam quia voluptas quasi quidem ut. Itaque aliquam aperiam labore hic. Eos ea consequuntur animi accusantium est. Omnis eaque modi nihil. Veritatis ut eaque velit voluptatem nobis. Possimus accusantium pariatur omnis possimus autem earum. Delectus quam nesciunt ea et ipsum. Et quisquam rerum corporis qui sed. Ut aspernatur minima aperiam perferendis aspernatur autem amet. Natus aut earum alias. Consequuntur eveniet doloremque a deserunt. Saepe cupiditate blanditiis alias autem. Quis sit quam et fugiat maiores excepturi. Incidunt unde quisquam dolorum esse dolorem. Vitae occaecati est officia quas in. Qui impedit libero aut maxime. Porro consequuntur sed vel perspiciatis laboriosam non modi. Doloribus alias et natus ipsam impedit ut ullam. Qui rerum omnis commodi eos earum cum. Omnis consequatur minus soluta repudiandae omnis.</p>', 'https://via.placeholder.com/1280x720.png/0077cc?text=qui', 1, 1, 1, '2023-11-09 00:20:26', '2023-11-09 00:20:26', '2023-11-18 05:34:18'),
(38, 'sed et minus quia qui fugit voluptas quae.', 'placeat-molestiae-et-cumque-quia-ut-ipsa', 'Facilis aut non autem et quis est omnis. Voluptas et vero omnis quam sed saepe sit. Quia corrupti dolores soluta amet amet doloremque omnis.', 'Perferendis a consequatur possimus. Laudantium omnis ullam ullam nostrum iusto. Explicabo quidem voluptatum nihil. Culpa iusto magnam dolor soluta maiores accusamus blanditiis. Error temporibus facilis dolores quis ut. Nemo similique nesciunt inventore enim vero. Quia eum aliquam in accusantium eius explicabo assumenda. Dicta aspernatur fuga quia mollitia porro molestiae animi. Reiciendis cumque ratione libero ipsa praesentium reiciendis dolor et. Qui laborum cum odio ducimus. Quaerat ea non enim a autem nihil autem. Dolores neque qui alias odit rerum ut. Repudiandae aut nobis et ipsam blanditiis labore. Sed mollitia corrupti porro quisquam. Ab ducimus soluta ea non vitae voluptatum facere quia. Quia dolores sequi rerum possimus est voluptatem quisquam. Quo quo nemo veritatis voluptas. Et corporis incidunt sit quo. Delectus ut est nostrum explicabo ex praesentium. Rerum maiores vel sit voluptate. Saepe deleniti fugit odit nisi quos est. Dolor accusamus ullam pariatur atque. Vitae voluptatem tenetur aut dolores assumenda. Nesciunt assumenda voluptatum qui cum aut illo quia. Recusandae rem modi non esse in qui. Commodi non voluptatem sed enim. Quibusdam reprehenderit omnis fugiat autem. Expedita ut aut et illo. Esse saepe laboriosam accusamus minus. Ipsum assumenda nam numquam pariatur. Qui voluptatem possimus animi ut. Molestias non earum veritatis molestiae optio consequatur veritatis. A et aut odio quam eum ut rerum suscipit. Placeat fugiat voluptatem asperiores et magnam. Sint nobis corporis et sequi quis. Animi veritatis inventore ut soluta non enim aut qui. Sapiente odio qui provident cumque dolorum omnis. Occaecati eveniet ut rerum atque ipsam est. Ducimus in architecto nesciunt amet. Atque unde temporibus rerum ab modi. Ut et ut dolorem architecto. Et dolorem assumenda non debitis illum est voluptatem. Fuga quo laboriosam provident eum est sit ducimus. Cupiditate quia et voluptatem asperiores labore dolorem earum eaque.', 'https://via.placeholder.com/1280x720.png/0055aa?text=quis', 1, 4, 17, '2023-11-09 00:20:26', '2023-11-09 00:20:26', '2023-11-09 00:20:26'),
(39, 'omnis provident blanditiis perspiciatis est cum.', 'et-magni-exercitationem-maxime-occaecati-molestiae-esse-quaerat-voluptatem', 'Repellat dolor explicabo et repellendus. Odio est doloremque nulla consequatur unde nam similique. Autem deleniti quo expedita in.', 'Alias explicabo facilis aut adipisci optio. Similique soluta aliquam nobis ipsam dolores accusamus. Quia hic sit magni dolorem odio. Velit ipsa dicta nihil ut sed sit non. Perferendis aut ut dolorum consequatur ipsum voluptatem impedit. Aliquid reprehenderit distinctio velit. Et sapiente corporis dolores rerum et vel. In labore voluptatibus ut vitae. Delectus rerum pariatur aut qui. Ab cum tempora voluptas dolorem ut est. Sed nihil deserunt voluptas aperiam quia id. Ratione incidunt nulla in vel ipsam. Et eius qui laboriosam unde similique nihil et. Illum dolor eaque fugiat dolorum eum sint molestias. Maiores dolores dolorum voluptate repellendus odio. Dicta molestiae aut consequatur eum sit. Eaque error corrupti nulla eligendi et aut. Adipisci aliquam repudiandae veritatis quaerat unde consequuntur. Dolor ullam quidem nemo ut eaque et. Occaecati fuga ut pariatur cupiditate qui quia. Voluptates qui quidem id officia beatae similique. Laborum aspernatur aut asperiores voluptates et aliquid qui. Dolor nesciunt et nostrum ut veniam suscipit. Fuga quibusdam dolores consectetur. Adipisci inventore error dolorem et quam. Magnam quia et dolores qui. At officiis aliquam est incidunt sequi. Aut nihil magnam sint iusto pariatur tempora expedita. Vitae sed pariatur quas. Voluptas dolor voluptas dolor non tempore. Quia rerum sint nihil ipsam et voluptates. Fuga iusto facilis et ratione animi nulla. Culpa placeat harum expedita qui ipsam. Enim error atque sint nemo natus. Et laboriosam velit aperiam delectus vero sunt in aspernatur. Et illo culpa ut. Ipsam sit et aut eum est vel explicabo. Occaecati nobis consequuntur nobis veniam et. Vel dolorem et iusto in voluptates repellendus accusantium praesentium. Sed fugit perferendis autem consequuntur ut quia incidunt. Id voluptatibus ut non adipisci possimus eos. Doloremque quia nemo impedit. Dolorum repellendus incidunt deleniti nesciunt veritatis. Quisquam ipsum vel nisi odio dolor.', 'https://via.placeholder.com/1280x720.png/003388?text=voluptatem', 1, 3, 5, '2023-11-09 00:20:26', '2023-11-09 00:20:26', '2023-11-09 00:20:26'),
(40, 'aut quia vel natus inventore dolor.', 'maiores-nemo-quaerat-repellat-ab', 'Voluptates qui exercitationem delectus. Placeat sit laudantium eveniet voluptatem consequuntur voluptates voluptas. Minus et id alias.', 'Laboriosam debitis ut et ratione aut. Deserunt aut impedit placeat sint delectus. Natus culpa et itaque praesentium. Est maiores impedit nobis doloremque recusandae corrupti. Alias laborum cumque atque itaque nobis. Aut non aperiam illum iusto et voluptas. Consequatur nihil eaque rerum. Quia ratione fugiat aut qui repellendus. Debitis et ut temporibus dolor harum atque ut nobis. Eum amet fugiat itaque quibusdam sit iusto et. Quis nemo necessitatibus consequuntur laudantium saepe. Quia sunt ipsam tenetur est dolorem voluptatum. Nihil quasi omnis est nisi rerum. Harum vel recusandae consequuntur minus eum sit eum. Ducimus enim deserunt rerum in. Nihil ipsum non necessitatibus ea. Facere ut officiis qui voluptatem aliquam incidunt voluptas. Quos veniam tempora eveniet reiciendis velit voluptas. Aliquam quae autem molestias neque. Reiciendis doloribus quam et facilis sequi accusamus aut commodi. Nihil nulla perspiciatis fugit aut. Sequi voluptatem sint non voluptas autem sint. Sed labore dolore ex blanditiis amet optio ut itaque. Consectetur voluptas et assumenda rerum aut amet alias. Quas ipsum nam atque commodi maiores est velit. Laborum ipsa nihil et doloribus itaque alias mollitia. Doloremque qui nihil ut pariatur dolor incidunt. Veritatis non laboriosam voluptatum sequi architecto. Sint cumque omnis est tempora. Dignissimos mollitia illum iusto laboriosam. Voluptatem pariatur est dolores ut facilis recusandae quidem. Beatae sit voluptatum quibusdam sit. Optio molestias corporis quia voluptas sit. Est et eum ex exercitationem. Eum iure tempore autem laudantium ea. Voluptates quas voluptatem vitae. Incidunt corporis quo quaerat veniam sint. Nobis earum consectetur quos soluta in. Laboriosam culpa sunt ad repellat aspernatur. Delectus consequatur occaecati et id. Consequatur ipsam quidem deleniti fugit et nisi. Officiis vero autem sed qui incidunt voluptatem numquam.', 'https://via.placeholder.com/1280x720.png/00cc00?text=dicta', 1, 3, 12, '2023-11-09 00:20:26', '2023-11-09 00:20:26', '2023-11-09 00:20:26'),
(41, 'aspernatur laborum dicta ratione repellat inventore dolorem tempora.', 'vero-eveniet-nemo-in-nemo-suscipit-quis-laudantium-sed', 'Omnis deleniti iste ipsa maiores cum. Harum enim veritatis voluptatem libero. Esse ut doloremque modi consequatur.', 'Consectetur modi quibusdam animi id beatae. Aut temporibus saepe aut possimus est. Qui id et deserunt veniam consequatur vel vel id. Qui ea non molestiae cumque. Maiores voluptatem quas quae minus. Rerum voluptate dolorem qui saepe fuga. Asperiores iure accusamus iste dicta et. Sed est impedit beatae explicabo eum consequatur cumque ab. Enim corrupti consequatur id sit reprehenderit doloribus corporis porro. Odit quae voluptatum enim id est. Ipsum sed fugit dicta reprehenderit repellendus quam inventore autem. A explicabo voluptatibus quod sunt est distinctio. Sint et quasi tempora. Velit ut velit est omnis quisquam. Eum iure alias consectetur incidunt voluptatem non. Expedita nam voluptatibus non voluptas. Dignissimos hic aut fugiat cupiditate excepturi voluptatem esse. Mollitia assumenda sint quod excepturi consequuntur. Ut nihil voluptas deserunt ea excepturi. Repudiandae blanditiis unde voluptate ex quia sit. Et deleniti quo optio architecto hic. Eligendi sapiente omnis voluptatem a. Ut deserunt quia culpa eligendi. Ut commodi eaque repellendus occaecati. Dolores explicabo voluptatem est rerum. Nihil optio eos voluptatem voluptatem doloremque non. Qui aut repudiandae dolorum similique ipsum harum. Minus laboriosam eum corrupti. Quaerat laboriosam soluta dolores. Eos officia expedita sit iusto sed accusantium nesciunt. Veritatis saepe perferendis quia temporibus molestiae. Error ut incidunt dolorum id neque possimus voluptatibus. Provident aut nihil dolore ex ipsum autem exercitationem. Voluptas repellendus corporis et repellat distinctio beatae qui. Beatae et magni cupiditate quos placeat et ipsa labore. Ut dolor natus amet dolor dolorem animi. Vel quia nisi et velit porro. Quam et quidem nisi. Incidunt corrupti velit rerum officiis. Odit cum iste aperiam porro nihil. Deleniti fuga rerum possimus vel dolores. Sunt ipsam voluptatibus rerum dolore aliquam. Molestiae sint ut sit officia.', 'https://via.placeholder.com/1280x720.png/000055?text=repellendus', 0, 4, 8, NULL, '2023-11-09 00:20:26', '2023-11-09 00:20:26'),
(42, 'voluptatibus ut veritatis consectetur qui consequatur adipisci earum.', 'harum-similique-maiores-iure-eum-nihil-repellendus-officia', 'Sit eius harum qui quasi quam. Labore voluptate voluptatem assumenda iure. Dolore beatae qui quis quidem odio nisi. Sed enim sit quis maxime.', 'Ex ullam laborum porro qui. Dolor nihil eveniet et distinctio. Soluta iusto quia sequi. Impedit minus aliquid exercitationem dolores velit. Qui vero perferendis porro quis. Beatae ipsa quia eius velit iure libero soluta. Eveniet velit impedit nisi nostrum laudantium quis odit commodi. Temporibus voluptas quis porro quos doloribus hic. Veniam expedita aliquid veniam nulla similique voluptates. Sit dignissimos iure quia dolorum. Soluta voluptatum non est error. Perspiciatis consequatur quod nostrum eius. Aut ipsa voluptas officia natus. Exercitationem aut dolore omnis voluptatem. Sit quia dolorum perferendis. Quia sequi doloribus incidunt ut. Quo quisquam sit libero nostrum ut. Autem a molestias ab ducimus qui iste minus. Similique velit voluptas facere iste corrupti voluptate accusantium. Numquam adipisci dolorum harum et odio. Aut qui voluptatum repellendus enim voluptas impedit maxime. Voluptatem ipsum totam autem accusamus et impedit provident. Commodi id cumque et laboriosam et excepturi. Voluptatum voluptas quibusdam nihil. Ut molestias sit aperiam at. Impedit recusandae quia fugit non soluta. Voluptatem molestiae et molestiae mollitia voluptas est. Labore delectus et non eveniet quibusdam necessitatibus. Quia dolores placeat fugiat. Ducimus et ducimus eaque beatae pariatur. A consectetur sit voluptatem ipsa optio sapiente odio. Quis ut iure est molestiae. Libero ut architecto quaerat voluptatibus veritatis. Exercitationem tempora commodi id optio dolores. Doloribus et et architecto magni ut odit enim sint. Incidunt consequatur ipsa nulla nisi. Est aspernatur eaque temporibus soluta ab. Consectetur ut excepturi veritatis ea et corporis ut. Incidunt quisquam ea consequatur a sequi. Cumque earum sunt quos enim et perferendis voluptas. Provident quam ab iure earum. Ut rem sed blanditiis suscipit suscipit et. Enim exercitationem quia minus temporibus doloremque sit. Quae magni facere iure quasi voluptate natus.', 'https://via.placeholder.com/1280x720.png/003399?text=autem', 1, 5, 18, '2023-11-09 00:20:26', '2023-11-09 00:20:26', '2023-11-09 00:20:26');
INSERT INTO `posts` (`id`, `title`, `slug`, `excerpt`, `body`, `image_path`, `published`, `category_id`, `user_id`, `published_at`, `created_at`, `updated_at`) VALUES
(43, 'eaque aut quia accusantium aut voluptate explicabo rerum vel.', 'ut-et-ipsam-rem-quis-iste-ut', 'Minima voluptatum non rerum dolor quasi. Voluptatem ea libero amet in. Error perspiciatis alias recusandae deserunt in.', 'Necessitatibus enim quas voluptates blanditiis repellat aperiam. Aut sit consectetur odit recusandae dolorem. Doloremque illum nisi tempora sed quo voluptates error ex. Est eveniet omnis magnam iste. Adipisci velit et necessitatibus amet aut deserunt reprehenderit. Facere aut soluta aut minus libero similique. Quae ut et quisquam. Accusantium veniam quos cupiditate iste omnis voluptatibus modi iure. Eos illo nobis inventore nulla earum pariatur fugit accusamus. In aut non error aut incidunt. Exercitationem est nihil quam est eaque. Quaerat nulla ipsa ullam architecto consectetur rem ipsum. Laborum quae nesciunt est similique. Ea deleniti ea accusamus dolore quidem deserunt autem. Error rerum voluptates dolorem rerum. Quos rem itaque nobis aut iure. Et omnis aut unde iste quia sed ducimus. Sapiente ullam aliquid praesentium quis fuga. Ut voluptatem facere voluptas expedita accusantium. Ut quia cumque natus sint soluta quibusdam et ut. In sequi et expedita iure aspernatur aut similique. Voluptas tenetur velit inventore accusamus sit tempora quo. Modi cumque dolores et. Architecto illo quaerat doloribus qui eveniet magnam rem. Quibusdam delectus quisquam quos perspiciatis explicabo eos error. Nesciunt et esse praesentium ipsa magni esse. In numquam pariatur repudiandae impedit eos ad repellendus. Et eligendi veniam unde quo. Sequi eaque beatae delectus sit dolor et. Eum voluptates porro nulla quisquam quis. Ut aliquid laudantium et quam. Ducimus error facilis et. Et sint odit accusamus voluptatibus. Dolores ut ad tenetur placeat quo et eos. Similique consectetur occaecati dolorum qui qui praesentium molestiae fuga. At et dolor eos sit facilis. Nisi assumenda voluptatibus est esse. Neque iste officiis quibusdam quia eaque quo. Ea sit quidem dolorem et provident. Sit reiciendis rerum sint magnam officiis sit. Doloribus quam iusto soluta voluptatem veniam et perferendis. Et aut quas iusto. Molestiae mollitia et quia quae aut quia optio.', 'https://via.placeholder.com/1280x720.png/0011dd?text=cumque', 0, 1, 14, NULL, '2023-11-09 00:20:26', '2023-11-09 00:20:26'),
(44, 'vel molestias incidunt quasi molestias quis.', 'aliquid-et-quae-officiis-id-veritatis-nostrum', 'Aliquid soluta est quae hic. Cumque asperiores est ipsa earum dolor harum quia. Cum consequatur maxime est ea quod sequi. Est maiores quo ut enim non.', 'Quo perferendis ut quaerat illo excepturi fugiat voluptate. Quod molestiae qui esse nihil voluptatum. Deserunt non esse dolore et aliquid nihil minima ut. Blanditiis est ipsam magni et consequuntur. Iusto ut necessitatibus neque odio laborum aliquid et. Officiis nisi accusamus omnis autem quod consequuntur id. Quia beatae a ut at ut id reprehenderit. Delectus consequatur incidunt temporibus nihil occaecati. Perspiciatis maiores sed qui facere odio qui. Veniam quia quas ut deserunt impedit necessitatibus consequatur inventore. Omnis aperiam saepe doloremque aperiam nostrum harum. Esse quo iusto sit libero. Minus accusantium quo ea odit maiores distinctio aut. Sit qui est rerum sed consequatur voluptas. Sunt aut a adipisci molestias. Corrupti tenetur vero illo aut illum. Dolorum quam doloremque iure. Et laboriosam et asperiores eos sit. Mollitia reiciendis velit dolor eaque. Non eligendi corrupti alias neque repellendus. Possimus autem repudiandae sed rerum eligendi. Laborum et ex esse aut vitae amet. Quia laboriosam modi consequatur dolor qui. Voluptatem qui tenetur nobis officiis quis ullam consequatur. Earum cupiditate vero rem qui sapiente eos ea. Corporis sapiente velit enim ut nulla. Quo et est illo quia qui maiores. Rerum sequi iste harum. Voluptatem et dolorum et aperiam facilis. Recusandae veritatis inventore id libero eveniet autem cupiditate. Iste placeat doloribus et non possimus et recusandae. Et et ut atque et vero. Vel est quis aut provident asperiores commodi. Dolores nemo necessitatibus incidunt tenetur quaerat. Itaque tempore repudiandae illo qui ut. Deleniti dolor cum vero impedit ut et. Autem rem qui sed ab dolore inventore provident error. Blanditiis qui voluptas nobis quis eos laudantium sit. Doloribus perferendis ipsa inventore dolorem aliquam dolores ipsum. Id sunt molestiae consectetur est enim voluptatem.', 'https://via.placeholder.com/1280x720.png/00ff11?text=est', 1, 1, 13, '2023-11-09 00:20:26', '2023-11-09 00:20:26', '2023-11-09 00:20:26'),
(45, 'aspernatur nihil temporibus fuga.', 'amet-id-voluptatem-fuga-sed-dicta-quia', 'Earum cum reprehenderit tenetur aut at. Aut quae id explicabo officiis alias commodi est nulla. Voluptates laudantium voluptatem necessitatibus.', 'Corporis repellendus animi et enim magni rerum. Sunt adipisci sint dolorum laboriosam quas voluptatem enim. Perferendis sunt aspernatur fugiat. Quis repellendus accusantium molestias eum atque. Saepe mollitia maiores qui voluptas odio consequatur consequatur. Voluptatem ducimus ea sed voluptatem enim non. Aut voluptas velit nesciunt eveniet culpa. Quia placeat voluptatibus sit libero. Ipsa labore a labore ducimus voluptates amet omnis. Repudiandae neque dicta velit dolor repellendus voluptas voluptatibus quo. Maiores et nobis magni velit quo distinctio. Voluptatem laborum nisi eum quod molestiae cupiditate necessitatibus. Exercitationem sint molestiae sit autem dolorum inventore. Et eligendi eos et officia. Cum sed et ex consequuntur cum est. Voluptatem tempora dolorem veritatis veritatis facilis. Enim doloremque quidem officia veniam in repudiandae. Mollitia vitae iusto in dolorem beatae voluptatem qui. Corporis vitae quia ratione et ut commodi. Nihil consequatur pariatur odio omnis rerum ullam aut. Itaque optio eum culpa dolor ullam aliquam. In quisquam laboriosam reiciendis molestiae velit laborum. Et culpa omnis expedita quos. Eos molestias id tempore nihil ratione qui aliquam. Occaecati possimus sed temporibus. Quod enim sunt repudiandae accusantium sapiente aut enim tenetur. Fuga vel et assumenda aliquid magni. Deserunt molestiae architecto soluta temporibus praesentium expedita magnam. Rem qui harum ut autem. Occaecati veritatis molestiae reiciendis amet omnis explicabo. Praesentium alias molestias repellendus sit reprehenderit soluta omnis. Nesciunt ex maxime ut qui. Assumenda vitae iusto dolorem quod ad non qui. Voluptatibus et quasi delectus quia. Nihil consequatur cumque tempore exercitationem nostrum sint. Dolorem sunt impedit est ratione. Blanditiis voluptatibus et ut distinctio eaque impedit dolorum.', 'https://via.placeholder.com/1280x720.png/009977?text=provident', 0, 2, 15, NULL, '2023-11-09 00:20:26', '2023-11-09 00:20:26'),
(46, 'soluta accusantium corrupti quas quae.', 'ut-nulla-quo-laboriosam', 'Consequatur quidem consequatur et amet facilis dolor ex. Laudantium voluptatum ex veniam omnis. Aut velit explicabo et adipisci dolores. Adipisci quia velit qui doloremque blanditiis.', 'Totam ut consequuntur quis vel suscipit cum magni. Perferendis aut ullam eum provident et odio et ad. Numquam adipisci nihil sed rerum quae. Eum rem rem tenetur est velit sit molestiae. Facilis molestiae non nulla incidunt assumenda. Consectetur aperiam facilis dolorem labore. Rerum quidem exercitationem cumque sit incidunt velit. Dolores adipisci eos modi sed. Est repudiandae rerum cum quam voluptatem quae fuga. Consectetur qui autem fugiat aperiam error eligendi. Consequatur laboriosam voluptatem maiores qui quos libero dolorem. Et ut perspiciatis et repellendus beatae culpa. Omnis quasi vitae qui odio sequi temporibus aut occaecati. A cumque corrupti voluptatum maxime numquam dolorem animi iste. Ut maxime autem voluptatem iure. Nesciunt corrupti nisi rerum ut illum non. Temporibus omnis ut magnam qui eum. Omnis vero ipsa voluptatem voluptas. Repudiandae dolor est est nihil aut quia. Omnis repudiandae tempore enim fuga ad hic. Reprehenderit cumque dicta facere dolorum harum quaerat. Minus illum fugit consequatur neque iste error harum. Reprehenderit possimus molestiae laboriosam consequatur. Nostrum repellendus et dolor quaerat esse suscipit. Adipisci enim eveniet sed voluptas et nam sed explicabo. Deleniti enim optio fugiat tempore quasi distinctio. Quo autem fuga at perferendis molestiae unde perspiciatis. Qui excepturi velit ea excepturi et. Eaque esse reiciendis vel amet rem. Sed eum sit quae velit sunt. Reiciendis et error debitis nemo non repellendus culpa. Molestias ut et a. Pariatur facilis doloribus veritatis aut at consequuntur. Id dolorum dolor adipisci eos explicabo voluptates. Ea modi qui quidem tempore vel voluptas. Voluptatem saepe cum molestiae nisi. Esse sapiente dolor recusandae odit. Ullam praesentium ipsa iure aut harum repudiandae saepe. Sunt facilis aperiam aperiam labore quo. Culpa velit minus id veritatis dolore aut. Esse deserunt voluptas libero voluptas nulla.', 'https://via.placeholder.com/1280x720.png/0044bb?text=facere', 0, 3, 14, NULL, '2023-11-09 00:20:26', '2023-11-09 00:20:26'),
(47, 'et error possimus quidem doloremque.', 'consequatur-voluptatum-quaerat-eaque-et-voluptas', 'Et eaque non est ut. Optio possimus dolorem autem. Mollitia harum sit consequatur minima aut voluptate quasi ut. Explicabo rerum nemo autem eius nobis enim assumenda.', 'Doloribus quo culpa dolor aperiam ut qui consequatur distinctio. Quia enim eos facilis qui. Laudantium necessitatibus illo cumque accusamus atque sint vel. Corporis eum iure quo ut reiciendis facilis. Sunt et iste maiores nam eos sit quaerat. Sit deserunt neque quibusdam accusantium est porro. Accusamus vel velit est. Praesentium mollitia temporibus voluptatem deserunt eaque dolorem quia. Sit aut consequuntur est sint culpa ut ut unde. Totam occaecati non et ratione dolores temporibus quia. Ipsa est eveniet voluptates sequi repudiandae tempore. Voluptatem quisquam nisi veniam sed asperiores recusandae iure. Odit tempore aut facere quo maxime ratione. Ut sint itaque enim est. Molestiae culpa voluptas reiciendis. Dolorem ipsum porro vero nihil sit odit. Quis delectus quo nihil corporis ab dolores beatae. Quis veniam voluptatem reprehenderit labore. Quo dolorem et vel earum quibusdam consequatur. Ea quia ipsa porro voluptas sunt saepe aliquid et. Consequatur voluptatum sunt voluptatem error nemo tempore. Autem explicabo beatae quia quidem. Dolores porro cupiditate ullam. Officia modi enim itaque. Aut alias autem est maiores deleniti repudiandae officiis explicabo. Ut unde et aut nulla maxime officia. Autem consequatur impedit fuga porro. Laborum aut similique facere at. Qui minus sequi recusandae vel aliquid qui. Aut rerum vel et ut. Autem amet praesentium aliquam repellendus. Et beatae sapiente rerum nobis quam quaerat. Autem ut quod et dolor qui. Qui quidem labore cumque libero id fuga dicta. Officiis animi deserunt corrupti voluptatum minima qui. Amet aut cumque nemo ut similique. Facilis qui et delectus deleniti sunt. Voluptas excepturi debitis alias et porro architecto et. Sunt facilis quis amet quasi. Architecto eum ipsam consectetur doloribus. Totam adipisci corporis cumque occaecati consectetur est distinctio. Voluptas repellat voluptatem eius aspernatur.', 'https://via.placeholder.com/1280x720.png/000099?text=et', 0, 5, 7, NULL, '2023-11-09 00:20:26', '2023-11-09 00:20:26'),
(48, 'odit veniam fugit autem cum quas.', 'qui-tempore-inventore-qui-voluptas', 'Aspernatur veritatis animi suscipit animi architecto saepe ut. Ut fugit vitae et quia occaecati. Necessitatibus voluptas dolor ea harum et sit vel quis. Quod quaerat et unde sint illum in harum.', 'Suscipit suscipit natus quia expedita quae. Qui incidunt nulla ut autem. Et voluptates est sunt. Molestias rerum ratione voluptatum eos ratione eos. Quasi adipisci atque omnis consectetur sunt. Qui et sint aut totam modi aut totam. Assumenda omnis esse sunt blanditiis facere qui. Quaerat quis qui dolores animi suscipit deleniti id. Voluptas fugiat hic voluptatem asperiores. Eum consequuntur quia architecto est ullam doloremque sequi. Consequatur consectetur pariatur cupiditate enim. Sunt ipsum quia magni praesentium. Quasi velit sed voluptatem ullam tempora esse voluptates. Quisquam nemo aut a porro sequi consectetur quae. Distinctio temporibus eos beatae non et reprehenderit incidunt. Voluptas enim totam officiis. Numquam ex rem libero possimus inventore harum mollitia. Laudantium dicta quia et minus. Aut similique sed et aperiam. Nostrum veritatis mollitia aut eos amet rerum. Error laboriosam quaerat sunt quo voluptatibus hic rerum. Reiciendis provident assumenda in distinctio dolore necessitatibus. Nostrum similique aut incidunt quasi animi suscipit. Qui omnis repudiandae voluptatem rem. Aspernatur est aliquid perspiciatis fugit vel dolore rem. Dignissimos consectetur et et. Tempore dolorum tenetur repudiandae. Rerum nisi amet quibusdam fuga et perspiciatis et. Voluptas error qui voluptatem nesciunt voluptatem sunt qui est. Est ut sed quos est est. Adipisci veniam velit vero minus illum possimus. Possimus eaque necessitatibus ipsum optio. Ipsum repudiandae eos mollitia quae eos vero. Quis modi voluptas est aut earum facere fugit. Voluptas placeat quos tempora accusamus impedit accusamus officia. Et voluptas quis dolorem. Consequatur consectetur nihil eaque numquam numquam veniam. Itaque veritatis ad dolores. Cupiditate quo aliquid libero et ut. Eum molestias recusandae quia. Et nulla omnis eum repellat possimus culpa. Nemo dolorum cupiditate eligendi dolor placeat maiores commodi.', 'https://via.placeholder.com/1280x720.png/00bb11?text=sed', 0, 1, 8, NULL, '2023-11-09 00:20:26', '2023-11-09 00:20:26'),
(49, 'aperiam consequatur facilis voluptates atque iste praesentium autem et.', 'dignissimos-ratione-omnis-dolorem-neque-sed', 'Mollitia recusandae provident amet vero magnam quam cupiditate exercitationem. Omnis quia molestias nesciunt aspernatur rerum temporibus accusantium et. Vel eum dolores earum minus vero.', 'Fugit dolor voluptatum et natus eos dolores maiores. Ea adipisci minima provident quibusdam consequatur. Dolores impedit sit deleniti libero perferendis. Ut et aut doloremque aliquam enim rem. Nemo itaque voluptatem harum a. Dolor et odio earum quasi quis minus vero vitae. Incidunt eveniet dolores et. Omnis at in aperiam quasi perspiciatis modi. Et hic qui veritatis qui fugiat aut aut voluptatem. Delectus doloremque a eius sint animi sequi quisquam. Repellat cupiditate voluptas esse dolor beatae. Quisquam rerum numquam dolor modi perferendis. Qui officia repudiandae consequatur blanditiis culpa repudiandae eius. Consequatur eum non consequatur. Aspernatur eveniet accusantium cupiditate ut sit hic ut. Repellat et suscipit praesentium rerum molestiae. Omnis voluptas aliquid voluptates hic sit. Sunt aspernatur necessitatibus error rem non atque. Architecto qui veritatis qui est. Perspiciatis iure in unde libero voluptates nihil. Quibusdam vel molestiae et aut. Repellat praesentium quos officia delectus exercitationem. Sit doloribus illo qui ea dolorem facere vel veniam. Voluptatem ex perspiciatis rerum dolor. Doloribus alias reprehenderit repellendus veniam vel in. Qui debitis asperiores illo. Perferendis atque eius voluptatem qui totam et. Laudantium aperiam aut veritatis voluptatibus. Aspernatur quas debitis aut culpa ratione quia quia quaerat. Vel vitae ullam molestias velit. Dolor eveniet illo repellat ab qui expedita. Inventore molestiae accusantium iure ex. Aut doloremque voluptatem omnis molestiae quod. Ducimus optio qui nihil quis accusamus. Hic eum minus ipsa. Alias et voluptatem et voluptas. Nulla voluptas tempora voluptas voluptas. Et facilis alias aspernatur. Quia eveniet est perferendis ea ut sapiente et. Consequatur voluptatem libero possimus quaerat quo optio. Molestias dolorem nihil corrupti.', 'https://via.placeholder.com/1280x720.png/00ee77?text=quibusdam', 0, 5, 19, NULL, '2023-11-09 00:20:26', '2023-11-09 00:20:26'),
(50, 'distinctio itaque ea non est ipsam et.', 'quaerat-est-non-accusantium-architecto-quas', 'Nobis autem dolor asperiores atque qui consequuntur fugit. Perferendis sed quae tenetur minus architecto. Et illo alias non voluptate aut.', 'Deleniti ut animi consequatur velit beatae ea. Aut possimus consequatur ratione possimus atque consequatur quas. Sed harum velit voluptas. Doloremque eos quia voluptates incidunt repellendus sunt. Soluta dolore doloremque cupiditate quia. Ea dignissimos nesciunt et quidem non ea consectetur. Ut sed ut necessitatibus eum. Non repellendus at voluptatem quasi autem quo. Voluptates nemo et earum nemo fugiat possimus. Asperiores voluptates quasi aut dolor. Illo nobis assumenda in impedit vel tempore. Omnis sit iste est et occaecati voluptatum. Est error sed ut qui. Ut provident alias aut optio quia dolorem. Voluptas nostrum tempore ipsa dolore perferendis quasi. Ut itaque ut est natus occaecati. Minima qui aut deserunt et aut nemo reiciendis earum. Doloremque qui saepe esse. Quia aut cum odit eveniet neque libero qui. Deserunt rem repellendus nam officiis quos consequatur et. Laborum sed provident quam aperiam unde quasi tempore. Velit quo in officiis. Provident nemo sit sit distinctio at hic hic. Sapiente soluta et alias. Illum quo dicta dolorem asperiores sit praesentium voluptas. Optio velit qui ut esse nesciunt veritatis quas. Consectetur praesentium nulla non. Doloribus qui sed vel quasi commodi qui. Rem voluptate laboriosam quisquam. Recusandae fuga ducimus ullam officiis ad sint officia. Non incidunt voluptatum cum nihil dolores. Et maiores laboriosam deserunt minima cumque ea eius. Quo laboriosam nam eum qui. Aut ipsa est nihil et autem. Ut vel odio modi fuga laborum. Animi voluptatem voluptatum et nostrum cumque nulla iste. Et qui sequi cupiditate. Consequatur atque et aut ea debitis error. Voluptas ipsam iusto temporibus vel omnis molestias sit. Explicabo velit aut dolorem vel sed et alias. Dolores ducimus laborum fuga temporibus. Dolores iste qui optio qui rem libero. Aut eos hic voluptatem perspiciatis perferendis eum ab. Atque itaque reiciendis possimus ea rerum.', 'https://via.placeholder.com/1280x720.png/009900?text=sit', 1, 4, 20, '2023-11-09 00:20:26', '2023-11-09 00:20:26', '2023-11-09 00:20:26'),
(51, 'fugit consequuntur id non et.', 'id-cum-est-corporis-velit-ullam', 'Alias asperiores quia veritatis porro. Aperiam molestias ut rerum nostrum. Voluptas et minima officiis et.', 'Sit totam fugiat tenetur omnis praesentium. Voluptatem optio autem quidem exercitationem impedit. Ullam nostrum reprehenderit reiciendis et. Doloremque incidunt alias et aliquam. Et molestiae et cupiditate ad et vero voluptas. Dolorem qui culpa illum. Ex est ut ad doloremque. Et sapiente quod accusantium sapiente inventore doloribus. Est autem sed et. Sed voluptates nam incidunt aliquid accusantium et. Repudiandae ipsum deleniti deserunt officiis velit dolorem. Nostrum magni pariatur repudiandae repudiandae recusandae. Delectus iste perspiciatis rerum nostrum ad temporibus ad assumenda. Repellat provident officia fugit in amet optio placeat ad. Cupiditate sed eum vel ut voluptatem est odit amet. Voluptatum officia dolorem itaque dicta. Deserunt officiis porro et eum. Error sed quos quod ducimus eius. Aut earum repudiandae itaque temporibus quia nostrum numquam. Voluptas sunt impedit quasi voluptatem. Amet quia et libero. Sint voluptatem unde iure qui sunt quis aut. Accusamus perspiciatis et debitis. Sunt tenetur eos cupiditate quae ab iusto. Omnis reprehenderit id provident. Nihil ut in aspernatur quibusdam eligendi sed. Esse rerum sit eum aut consectetur ratione ab molestiae. Minus dolorem voluptatem est consequatur. Fugiat necessitatibus quia cumque facere nostrum delectus. Rem modi dolorem soluta quis recusandae ea eaque. Et dolor explicabo aut neque. Enim aut cupiditate modi quia possimus dolorem. Sint voluptas omnis sint quo illo earum voluptates. Sint et odio in magnam laboriosam itaque alias. A aut et aut aliquid voluptas praesentium aut corrupti. Itaque excepturi ea omnis non. Necessitatibus et labore dignissimos voluptatem molestiae voluptas aperiam quidem. Voluptas non in repellat enim est eos sit. Quis eius unde exercitationem aut. Ex ipsum autem ipsum nemo. Repellat laboriosam voluptatum aliquid unde libero quisquam. Rerum sed qui maxime est excepturi aperiam velit.', 'https://via.placeholder.com/1280x720.png/00aaff?text=enim', 0, 5, 17, NULL, '2023-11-09 00:20:26', '2023-11-09 00:20:26'),
(52, 'et non animi cumque amet sed aliquam qui.', 'minus-optio-ad-dolore', 'Mollitia commodi modi dolore facere quaerat. Omnis quaerat voluptatum dolorem aut magni nam doloremque. Rerum ut veniam nam debitis.', 'Tenetur sequi dignissimos officia magnam vitae placeat numquam. Deserunt laboriosam voluptatum sint. Et a non repellat. Nostrum consectetur non illum iusto voluptatem perferendis. Officia id consequuntur magni. Aliquid culpa qui fugiat maiores. Qui dolor sunt est magni at. Qui incidunt ut deleniti voluptatum exercitationem aut. Eveniet nesciunt et voluptatibus harum commodi aspernatur et. Eligendi sapiente expedita et quo explicabo non et. Eos exercitationem fugiat rem necessitatibus voluptatem. Recusandae sint cum dignissimos rerum maxime et. Consectetur consequatur laudantium aut itaque est. Nobis occaecati eveniet perferendis. Eum dolores non voluptatem quis. Rem quod et quia molestiae. Ipsa occaecati quia cupiditate. Eaque temporibus sequi sit. Consectetur esse ea et quia quod blanditiis totam. Magnam et repellendus est suscipit ullam aut. Reprehenderit tenetur quo non quidem autem aliquam fugit. Cum id unde vitae nobis. Inventore et aut deserunt temporibus architecto architecto. Sed temporibus doloremque sapiente voluptate amet minima sit. Molestiae quia minus qui et quo. Numquam quasi fugiat enim eos placeat. Accusamus eos consequatur natus eligendi qui mollitia omnis ad. Quo quis sunt ipsam quis et quibusdam cum. Soluta nostrum quidem tempore asperiores quis. Ipsam est explicabo dolorum qui et aut autem. Ipsa iure consectetur aut facilis animi est sequi. Labore quisquam et ratione alias dolore. Doloribus aliquam possimus ut eligendi. Beatae et ut minus dicta voluptatem. Iste repudiandae et dolores ea possimus ipsam architecto sequi. Qui in sunt molestiae rerum. Voluptatum et et porro enim. Quo ratione odit consequatur ex. Numquam inventore deleniti laboriosam. Id sunt quasi et adipisci ut voluptatem. Quidem eaque voluptas quia quasi perspiciatis. Voluptatem enim explicabo optio incidunt voluptatem. Maxime unde molestiae enim cum ipsa. Quia dolores aliquid ut officiis ut voluptas qui itaque. Porro at ullam molestias qui molestias sit soluta culpa.', 'https://via.placeholder.com/1280x720.png/0022ee?text=cupiditate', 0, 5, 11, NULL, '2023-11-09 00:20:26', '2023-11-09 00:20:26'),
(53, 'placeat omnis illo fuga libero at.', 'nam-asperiores-et-vitae-sed-voluptatem-quia-reprehenderit-fuga', 'Illo vel ut qui. Cumque quibusdam ea rem velit beatae magnam. Sit vel non dolorum unde vel.', 'Qui quia temporibus laboriosam. Aut sit ab assumenda quam consequatur totam. Sed similique eos quaerat iusto. At quibusdam a omnis commodi excepturi consequuntur rerum architecto. Quia sit ipsum qui et assumenda eos eos. Distinctio et sed qui quia et. Aperiam hic ipsa cumque. Illum ut ex sint et officia aut. Facilis ducimus non illo fugiat voluptate. Libero et aliquam natus molestiae dolor. Iure rerum consectetur voluptatem a laudantium nisi fugit. Distinctio qui distinctio repellat numquam. Rerum nesciunt et et ut. Nostrum labore error deserunt impedit sint porro dolores. Placeat in rem totam alias aliquid amet. Velit qui sequi animi repellat delectus nemo aut. Facere officiis libero voluptas quis consequuntur non. Illum vel repellendus ut molestiae excepturi ullam. Aut accusantium et aut pariatur. Sed incidunt quidem laborum dolor porro corporis. Aut perspiciatis aut consequuntur et. Doloremque voluptatem eius asperiores fugiat. Et eligendi perferendis in quisquam est a. A et consectetur alias suscipit et dolor. Modi omnis voluptates numquam dolorem rerum vero. Corporis recusandae neque eligendi voluptatum ea. Sit et vel magnam tenetur et qui sint itaque. Voluptatibus a adipisci ut laboriosam in delectus. Error fugit consequatur et ipsa incidunt placeat provident id. Rerum perspiciatis id ipsam architecto deserunt earum. Perspiciatis eligendi et iste veniam vero. Enim vel autem eaque quasi voluptas. Quibusdam mollitia hic ea ab consequatur quae natus. Quibusdam distinctio rerum quia ut. Illum sunt autem ipsam maxime esse occaecati. Quisquam quia reiciendis maxime odio beatae omnis eos. Quibusdam dolor accusantium quidem qui eligendi temporibus. Beatae maiores eaque deleniti et ad est asperiores. Alias et dolorem voluptas doloremque minus consequatur reprehenderit. Et consectetur consectetur deserunt ea dolorem. Tempore veniam ipsum voluptate commodi dolores architecto.', 'https://via.placeholder.com/1280x720.png/00cc00?text=totam', 0, 4, 9, NULL, '2023-11-09 00:20:26', '2023-11-09 00:20:26'),
(54, 'non aliquid suscipit ex et ut nobis maxime.', 'enim-quia-repudiandae-molestias-adipisci', 'Rem rerum autem maxime dolor aut. Voluptatem nisi ab nihil. Quia eaque non consequatur quia qui. Quia aut nobis nisi voluptate voluptas.', 'Sequi consequatur quis voluptates voluptatem. Vitae alias eaque molestiae ex debitis. Omnis est dignissimos tempore non modi et accusamus. Eos fuga laudantium voluptatum mollitia. Dolore aut asperiores doloribus earum ut sequi. Numquam molestiae sint esse totam sed asperiores consequatur. Maxime sequi quo velit eos a. Omnis ipsum temporibus porro eligendi voluptas. Doloribus labore possimus id ex amet modi est. Ut nesciunt modi voluptatem eligendi assumenda laborum iusto. Harum quae exercitationem doloremque praesentium neque. Sunt cumque est ab. Veniam sint delectus accusamus qui officiis. Voluptas temporibus velit ab accusamus dignissimos. Consequatur neque animi eum doloremque esse et. Maxime qui molestiae quia. Qui tempore adipisci nobis sed omnis. Omnis qui molestiae voluptas et. Ducimus ut voluptatem maxime enim magni. Perferendis aut aspernatur asperiores illo non iure voluptas vel. Distinctio autem similique eos ad. Officiis ipsa sapiente animi quo mollitia praesentium voluptas et. Delectus ipsa omnis ratione quisquam aliquid. Excepturi rerum temporibus voluptatum repellendus a possimus ipsam vero. Amet praesentium molestias id a velit. Excepturi recusandae aut ut accusantium illo autem. Reprehenderit aut ducimus illum ut laboriosam saepe assumenda. Saepe voluptatum non impedit temporibus harum nihil optio sed. Eos eius saepe ex possimus. Incidunt voluptatibus ad magni repudiandae recusandae ex. Possimus aperiam magnam tempore distinctio inventore. Id non vitae deleniti sed in eligendi ut. Voluptatum iusto error provident necessitatibus quia rerum quis. Sint quia ratione nisi. Sint molestias dolores sit pariatur saepe. Nam reprehenderit voluptatibus esse laborum. Molestiae voluptatibus dolorum expedita ut ut cupiditate sed nulla. Mollitia iure ad esse qui fugit et. Labore eveniet reprehenderit blanditiis aliquid et quo minus. Nobis quas voluptate quasi quia rem est.', 'https://via.placeholder.com/1280x720.png/009955?text=voluptatem', 0, 1, 17, NULL, '2023-11-09 00:20:26', '2023-11-09 00:20:26'),
(55, 'ut ut repellat fugit consequuntur alias cum quis.', 'fugiat-sed-perspiciatis-esse', 'Recusandae itaque perspiciatis est optio non est molestiae. Hic animi quibusdam voluptatibus doloribus sed. Asperiores iste qui amet quia nulla est delectus.', 'Et vel ut rerum asperiores quos vitae tempore. Rerum est rerum repellat est mollitia animi ea. Nulla dolores dolore cum sapiente ex velit sint. Soluta porro ut atque aut. Ut odit nobis illum aperiam non ullam veritatis. Deserunt doloribus est doloribus nesciunt et porro expedita. Impedit sunt corporis autem quia accusamus sunt quia dolorem. Omnis facere voluptas molestiae voluptas ut et aut. Autem illum quia debitis sunt est eos voluptas. Iste quaerat aut voluptate et dolorum iure. Molestiae iusto ut officiis sint. Dignissimos veniam voluptas id nam aut. Autem harum in aliquam pariatur. Necessitatibus veritatis nesciunt eum. Eum possimus reiciendis totam impedit ut pariatur quidem. Totam dolorem quas pariatur aut consequatur. Rerum in harum ab. Aperiam et et ut iusto. Eos provident quas accusamus aut cumque et ipsam. Debitis voluptatibus et sed ipsum. Vero dolorem ullam facere dolorem delectus harum. Ea dolores perspiciatis ut dolore non quia voluptas fuga. Velit at labore corrupti et. Quod suscipit doloribus amet minus. Rerum qui vel ut rem quis aut architecto. Illum qui quibusdam laboriosam est et tenetur quis. Reprehenderit adipisci minus consequuntur non. Ut cupiditate voluptas harum. Facilis voluptatem quas rem labore est. Aut nam exercitationem exercitationem repellendus odit doloribus. Temporibus ipsum aut laboriosam consequatur doloribus aut. Numquam tenetur et odit dolor minus deleniti distinctio. Est tempore nihil possimus molestiae. Molestiae maiores vitae et dolor optio velit. Est sint facere illum voluptas ut saepe. Ducimus qui fuga et maxime. Molestias enim laudantium libero maxime dolorem assumenda est. Tempore error eaque doloremque labore. Eum sed aut perferendis est sunt. Non consequatur inventore ut voluptate consequatur. Deserunt rerum ea dolores. In architecto dolores dolorem inventore aspernatur quis. Consequuntur neque et voluptas eligendi culpa aut ducimus.', 'https://via.placeholder.com/1280x720.png/00dd66?text=adipisci', 1, 4, 14, '2023-11-09 00:20:26', '2023-11-09 00:20:26', '2023-11-09 00:20:26'),
(56, 'dolorem a maxime ut cum voluptatem quod.', 'nesciunt-placeat-rem-in-vel-et-non-saepe', 'Quibusdam ut ipsam inventore possimus quo quos et veritatis. Autem asperiores omnis unde minus dolores.', 'Voluptatibus est odio harum aliquam. Accusamus sunt aut modi perspiciatis architecto qui et delectus. Recusandae qui labore saepe ullam minima. Est sequi commodi atque. Ipsa et aut modi quo. Dignissimos ullam sit ipsum ducimus sapiente. Amet hic reprehenderit suscipit. Et ad aliquam unde et. Eaque laudantium odit soluta odio inventore magni. Sint nam est nihil nostrum illo excepturi. Quos dolor sunt qui et ut velit. Ipsam delectus nisi rerum molestias unde est omnis et. Neque aut sapiente atque autem voluptates accusantium. Aut in neque debitis aut et qui. Sunt maiores fugit quis omnis libero. Sed tempore dolores et earum repudiandae qui. Nisi ut quaerat pariatur. Autem ea esse et et ratione pariatur. Praesentium hic voluptatum dolor vero facere soluta. At nam aut est quas iure id. Iure autem recusandae ea. Omnis quis consequuntur ab at. Tempora nisi id est dolore laborum qui. Ducimus sint quas consequuntur quibusdam consequatur. Vel velit modi est laboriosam. Est non omnis voluptate enim. Est eveniet numquam consectetur culpa perspiciatis ducimus itaque non. Omnis occaecati perferendis aperiam cumque nesciunt. Rerum laboriosam corrupti sunt sit. Nihil adipisci aliquid rerum minima pariatur tempore mollitia tempore. Eos provident distinctio cum qui voluptas pariatur. Ex unde dolor cum minima libero aut qui placeat. Veritatis ut maxime accusantium facilis eos. Voluptas laboriosam enim repellendus est voluptate qui rem. Ut nisi sequi iusto quia. Ex amet atque incidunt. Non aut magnam odit. Qui provident magnam repellat adipisci error. Facere reprehenderit ex non quibusdam sapiente. Dolor omnis perferendis non est cumque corporis fuga. Dolorum excepturi fuga non laudantium nesciunt. Ut illum est omnis quos maiores suscipit. Quibusdam quisquam voluptatem odit ea quia. Expedita est consectetur facere quisquam odit rerum. Dolorum in tenetur eum cupiditate harum aut in.', 'https://via.placeholder.com/1280x720.png/0088ff?text=esse', 1, 4, 20, '2023-11-09 00:20:26', '2023-11-09 00:20:26', '2023-11-09 00:20:26'),
(57, 'corporis similique dolore consectetur consequatur odit consequatur.', 'error-voluptatum-recusandae-harum-earum', 'Hic modi saepe voluptas nam at ut. Dolores est totam aliquid itaque minus. Quisquam commodi labore cum. Reiciendis quod provident alias.', 'Ex quam cumque quo recusandae ut debitis dolore dolorem. Voluptate et dolore fuga recusandae sunt. Sunt quis velit molestiae itaque harum est. Ipsum maxime dolorem maxime assumenda. Officiis sapiente quod assumenda ipsa sunt voluptates. Deserunt ratione temporibus veritatis et quia. Ut voluptatibus pariatur et a. Sint autem natus inventore recusandae corrupti earum. Quam beatae consectetur reiciendis ea. Quasi quas explicabo ipsa quo illum sit provident debitis. Et suscipit eum ut doloribus sit minus amet. Ex nihil omnis culpa suscipit. Quo enim est totam aut molestiae voluptas error. Maxime et perspiciatis nemo. Necessitatibus in blanditiis voluptatem voluptate. Qui consequatur ea ut. Inventore veritatis est eum mollitia asperiores. Ut amet ullam beatae quis. Impedit quis aut libero corporis quae. Et est doloremque nam sint. Est in occaecati accusamus corporis nostrum. Quia totam vero commodi ea. Eaque culpa est optio quod sit vel dolorum. Quia et laboriosam autem. Rerum deserunt nulla omnis et quis consequuntur. Nisi minima dicta nisi quas cupiditate. Reiciendis in vitae provident. Magni placeat eos sapiente iusto qui. Qui dolorem quis fugiat consequatur vitae. Non libero pariatur ut ipsum alias doloribus. Omnis occaecati omnis nostrum aut. Aspernatur quia dolorem sint ratione. Nihil ullam aspernatur et aut asperiores voluptatem voluptate. Nemo omnis id tenetur ab nostrum ullam a qui. Tempore molestiae voluptates debitis enim earum. Dolorum illum ad id aliquid necessitatibus doloremque. Eveniet modi perspiciatis quas et. Harum enim neque eligendi nulla quia molestiae. Sunt aperiam ut blanditiis a iusto impedit. A qui et reiciendis ut. Id sed tempora itaque distinctio. Qui sit ea est perferendis magni consequatur consequatur. Debitis expedita sapiente autem officia. Sed voluptatum fugit minima rerum cumque et voluptas quia.', 'https://via.placeholder.com/1280x720.png/002211?text=nemo', 0, 3, 20, NULL, '2023-11-09 00:20:26', '2023-11-09 00:20:26'),
(58, 'ut eaque est quibusdam.', 'sed-dignissimos-sunt-minus-consequatur-vel-non', 'Qui sit expedita numquam nesciunt temporibus esse maxime. Beatae itaque et sit temporibus deleniti. Ad aliquam non id id.', 'Mollitia fuga quo sed sed. Autem ex corporis velit autem a et voluptatem. Velit quo rem sed et. Corporis incidunt ut aliquam quia odio voluptatem. Perspiciatis est dolore facilis quo nobis. Earum eveniet nihil neque ut ut at quas. Eaque tenetur ut atque ex eum. Eius rerum esse corporis minima earum occaecati aut. Doloremque magni amet autem sint. At autem dolores error et est magnam. Occaecati eum eius necessitatibus consequatur saepe deserunt eum laborum. Et tempora qui in. Dolorem quisquam velit ut eum esse. Nihil commodi praesentium laboriosam excepturi id molestiae molestiae consequatur. Voluptatem exercitationem veritatis unde officiis omnis. Harum atque repellendus explicabo excepturi. Ut eos non pariatur dolor iure consequatur. Quisquam ducimus incidunt et excepturi non commodi sint. Dolorum tenetur quis rerum in aut. Et vel sint amet eaque voluptas ut. Modi quasi nihil qui voluptas dolorum quas praesentium. Eaque magni nesciunt occaecati ut. Animi optio aut occaecati itaque aut. Similique libero aut voluptatem. Necessitatibus placeat esse qui ducimus hic corrupti aut. Rem dolorem a corrupti quia quia qui eaque. Reprehenderit omnis voluptas quibusdam aut magni omnis. Velit voluptatum perferendis quaerat. Animi deleniti est quo minima velit. Ipsa maiores dolor rerum sint nostrum et. Sit animi harum laborum in illo animi quia est. Sint atque qui suscipit voluptatem. Voluptatem quisquam et sunt harum tenetur iste. Occaecati voluptatem iusto nihil cupiditate. Qui maiores nostrum ipsam non ab reiciendis quo. Cupiditate neque doloribus sunt nihil. Quis accusamus et omnis totam rerum quidem dolore. Sit veniam ea dolorem expedita. Odit possimus autem quis consequatur. Numquam aliquid deserunt ipsum voluptatem. In delectus aut et illo. Quo dolore quae et dolores. Architecto ut enim dignissimos dolor nobis sed qui. Rerum officia deleniti qui odio.', 'https://via.placeholder.com/1280x720.png/00aa99?text=ducimus', 1, 5, 4, '2023-11-09 00:20:26', '2023-11-09 00:20:26', '2023-11-09 00:20:26'),
(59, 'omnis voluptate ipsam enim similique autem et.', 'amet-voluptas-vel-laudantium-aperiam-suscipit-dolores-eum', 'Ex doloremque voluptatem esse et ex ullam. Consequatur exercitationem eum facere qui rem sit. Aut fugiat et unde tempora.', 'Sunt voluptatem voluptas ea qui excepturi exercitationem dolor. Quas iusto cumque voluptatem deserunt. Reiciendis rem consequatur unde ut molestiae. Vitae ipsum eius veniam aut eius aut architecto. Consequuntur eligendi omnis rem minima placeat. Ut tempore deserunt fugiat dignissimos. Ut corporis tempore placeat. Ipsam consectetur excepturi nihil labore repellendus voluptatem esse. Et aut itaque magni praesentium voluptatibus. Quibusdam blanditiis et quibusdam quia. Animi et sit eligendi odio laudantium facere rem dignissimos. Corporis eaque impedit officia at ut. Iusto voluptas placeat sunt eum quia eveniet eos. Dolore minus vitae autem totam ut et occaecati quo. Architecto tempora laudantium expedita quia temporibus nihil. Illum sint aspernatur qui amet. Minima qui repellat nobis necessitatibus quibusdam. Quidem tempora consequatur ut corporis. Voluptatem ab officiis odit rerum voluptate doloremque. Sunt enim enim asperiores amet necessitatibus alias molestias iusto. Et similique officia libero deserunt ipsum. Molestiae eligendi omnis necessitatibus sint provident. Odio reprehenderit est sint distinctio officia velit. Error et impedit quidem beatae voluptatem sapiente. Consectetur veritatis enim id nobis maiores. Qui nihil incidunt error amet sunt. Quibusdam blanditiis dolorem minima veritatis eum asperiores et. Eum occaecati itaque voluptate sed dolorem perferendis. Sint ab qui odio laboriosam. Sed adipisci expedita iusto consequatur cum ipsam aut. Veritatis debitis sed omnis sed. Aut tenetur dolorum blanditiis consequuntur rerum cum. Exercitationem praesentium assumenda aut illum beatae nemo et. Aut fugit et illum velit necessitatibus et. Tempora inventore ab et veniam accusamus ut reprehenderit debitis. Dicta quidem necessitatibus omnis corporis eos quasi officiis. Eos nemo excepturi cum quia. Et dicta quo velit incidunt assumenda. Corrupti qui sed dolor qui. Cum aut nobis qui vitae in itaque dignissimos. Voluptatum et facilis molestiae sed expedita voluptas.', 'https://via.placeholder.com/1280x720.png/0000dd?text=et', 1, 2, 7, '2023-11-09 00:20:26', '2023-11-09 00:20:26', '2023-11-09 00:20:26'),
(60, 'molestias consequatur perspiciatis ut dolorum cumque et.', 'alias-fuga-dolores-atque-voluptas-dolor-blanditiis-sequi', 'Voluptate nobis distinctio est magni enim vero. Repudiandae molestias earum corrupti inventore. Rerum ex enim enim dolorem. Necessitatibus ut quis corrupti optio totam accusantium accusamus.', 'Sed nemo est aliquid alias debitis eum et. Voluptas nesciunt aut nemo voluptas fuga eos. Vero quo magni a veniam illum veniam nemo voluptatum. Officiis necessitatibus qui a necessitatibus consequatur qui ullam temporibus. Facilis aut a pariatur exercitationem officiis quae enim. Sit et quidem ipsam adipisci fugit inventore hic. Numquam enim rerum ratione sit et sint tempora. Qui expedita quis amet molestias beatae. Excepturi vitae enim veritatis vitae sint incidunt. Nihil quia id odit magnam eligendi et qui. Consequatur et quis cupiditate beatae. Quaerat adipisci qui minus corrupti eos temporibus aliquid. Minima et reprehenderit voluptatibus repellat optio. Perspiciatis ratione ipsa architecto at. Asperiores praesentium neque aut. Et ea officiis asperiores voluptatum. Hic voluptas assumenda ullam tenetur neque error eveniet. Voluptate sunt accusantium consectetur consequatur et voluptates. Cum qui perspiciatis voluptates laudantium quia. Natus autem odit molestiae cumque reiciendis enim. Rerum velit enim voluptatum voluptas. Error rerum non ad tenetur dignissimos. Sit magni consequatur distinctio molestiae aut atque aut. Ullam commodi numquam numquam explicabo voluptas aut labore. Provident qui numquam occaecati voluptas laborum ut. Ut omnis cupiditate asperiores dolorem. Impedit rerum officiis nihil est iure. Quidem minus sed aperiam nemo suscipit dicta aut odit. Veniam autem unde eum ad sunt. Illo reprehenderit sit minus nam. Qui facere provident dolorem in consequatur. Fugit possimus et consequuntur amet. Soluta ipsam corrupti inventore omnis voluptas. Tempore nulla repudiandae possimus similique facilis. Quo tempora sint libero. Repudiandae quia corporis dicta repudiandae. Et facilis enim eos id commodi rerum sapiente. Nihil eum ea modi blanditiis voluptatibus itaque. Quo enim nemo neque ea repellat veritatis corrupti. Quia eos non quos temporibus id ab quisquam.', 'https://via.placeholder.com/1280x720.png/0011cc?text=ipsam', 0, 3, 19, NULL, '2023-11-09 00:20:26', '2023-11-09 00:20:26'),
(61, 'omnis asperiores rerum enim repellat odio velit fuga.', 'maiores-natus-sit-fuga-eum-enim-sed', 'Voluptas excepturi pariatur expedita distinctio maiores fugit. Voluptas soluta ullam ut vitae commodi nihil nam.', 'Iure inventore consectetur reiciendis tempore. Ipsum vel quos voluptatem voluptas aut aut. Vel voluptate ea et eveniet eos. Dolores blanditiis aut saepe praesentium dolores suscipit eos ratione. Et exercitationem officia dignissimos autem qui. Possimus deserunt possimus voluptatem. Necessitatibus quidem est consequatur et autem. Ut iure commodi sit est alias. Perspiciatis praesentium quos enim voluptates. Aliquid fugiat quo aut aliquam culpa voluptas est. Ut unde adipisci id libero dolorem dolor quidem atque. Ut et quod error velit et at dolor. Nesciunt placeat voluptates in blanditiis. Maxime placeat et architecto dicta. Illo sit quo dolor non sint quia. Aut earum hic et harum. Sint quam nihil veritatis nesciunt. Atque et et dicta dignissimos. Et quam adipisci sit qui. Animi et aliquid consequatur. Repellendus sequi ut labore quo et est dolores. Assumenda aliquid quae neque perferendis. Sint minus fuga sint explicabo doloribus excepturi magnam. Eveniet id aut harum et. Repudiandae molestiae sed vel. Minus et temporibus inventore sint. Aspernatur voluptatem omnis minus iure sapiente. Ratione aut eligendi alias quis. Ullam non sint non deserunt. Architecto officia maxime aliquid rem consequuntur. Non in laboriosam vel repudiandae omnis. Voluptates labore suscipit sit autem voluptatibus ut fugit. Sit nam eaque ad libero et officiis. Sit sequi voluptates harum accusantium sed. Rerum laboriosam perferendis deserunt ut ea. Dicta voluptatem aut molestiae. Explicabo ex incidunt ipsam eveniet rerum delectus odit. Sequi facilis eligendi saepe reprehenderit autem totam. Consequatur quibusdam maxime quae modi. Natus molestias aut voluptas architecto fugit ea reiciendis facere. Assumenda cumque iusto doloremque sed voluptas neque. Adipisci sunt officia molestiae. Consequuntur ex commodi perspiciatis sunt inventore labore quia. Eveniet maiores fugit error qui provident.', 'https://via.placeholder.com/1280x720.png/00aadd?text=rem', 1, 4, 10, '2023-11-09 00:20:26', '2023-11-09 00:20:26', '2023-11-09 00:20:26'),
(62, 'sunt placeat ut perspiciatis placeat.', 'ut-sapiente-atque-doloremque-itaque-adipisci-quia-assumenda', 'Ea quia porro aut ducimus porro quisquam. Dolores sunt delectus doloremque totam. Est quo ut et ut sapiente illo.', 'In consequatur voluptatem quasi quibusdam sed aut. Et tempore libero impedit sed. Laborum qui eveniet harum maiores sed. Temporibus et deleniti vel commodi rerum dolorem ut. Cum voluptatum odit doloribus ipsa. Sit et odio aut consequuntur. Rerum qui voluptates debitis quia possimus. Autem voluptas animi cupiditate nulla rem. Quidem eius aspernatur dolores asperiores id natus. Sit et dignissimos et necessitatibus. Eius fugit iste corporis quo perferendis placeat id. Molestias non dolor aut et. Numquam quod hic accusamus. Amet facilis omnis aut ut dignissimos quod officia. Dolorem soluta nesciunt at cum consequatur soluta totam at. Voluptas est ut maiores ut ut veniam. Aliquam sed quaerat velit vero iure et. Voluptatibus maxime cupiditate eveniet laboriosam doloribus. Numquam eaque vero placeat excepturi omnis. Totam maxime aliquam iste aut laboriosam modi. Corrupti voluptatem possimus accusantium omnis quia. Ut qui consequuntur iure enim atque porro. Ut veritatis dolores delectus. Error maiores perferendis doloribus eveniet voluptate numquam. Modi odit earum mollitia dolores. Explicabo quis assumenda ea ut. Excepturi est reiciendis laborum molestias sequi id neque. Veritatis dolorem sint est ratione omnis laudantium. Dolor incidunt repellat qui. Deleniti facilis veritatis ut optio rerum molestiae quasi. Voluptates ut optio voluptate nemo officiis. Eius et ea tempore consequatur tempore veritatis. Odit sit praesentium voluptas quidem et. Voluptate eos iusto perspiciatis aperiam id adipisci. Facere quia et voluptatem quis ut dolorum in. Corrupti neque facere nostrum soluta qui ut. Fugiat tempore ducimus adipisci suscipit iusto molestias occaecati. Ipsa omnis id quia. Tempore ut odit labore officia reprehenderit labore accusamus. Perferendis nobis omnis et consectetur distinctio. Maiores sit quia sapiente tenetur a cupiditate. Cupiditate culpa illo ex sed quas harum.', 'https://via.placeholder.com/1280x720.png/003399?text=et', 0, 5, 20, NULL, '2023-11-09 00:20:26', '2023-11-09 00:20:26'),
(63, 'perspiciatis tenetur et voluptatum excepturi et velit quidem.', 'sit-sed-accusamus-dicta-esse-ut', 'Consequatur quis ipsam et deleniti. Commodi voluptatem sit illo. Minus delectus molestias maxime sed provident fuga odio praesentium.', 'Sequi voluptatem amet quas eum corrupti. Dignissimos et dolore aspernatur et consequuntur dignissimos est aut. Impedit dolorem aut dolores provident voluptates id molestias. Maxime possimus nisi dignissimos dicta quas placeat quia. Numquam quae id voluptatum laudantium voluptas aut. Aut architecto corporis earum consequatur cumque sit id. Aliquam sunt sit unde voluptas eum nobis. Nulla qui et quaerat maiores dolores doloremque veritatis. Iste iste impedit deserunt hic. Tempore aut eius sequi. Perferendis soluta tempora enim et eos quia similique. Est quasi alias a alias aut. Unde consequuntur consequuntur autem nesciunt. Nam aut reiciendis eum fugit. Sit quae impedit aspernatur quia at. Enim fugiat est ipsum nisi. Id omnis hic est dolor. Quas dolorum quod ullam. Repellendus consequatur labore eligendi dicta. Nostrum asperiores atque atque. Labore dolorem magnam sit cupiditate et. Quo a vel qui velit suscipit porro. Eum mollitia dicta harum. Enim id eveniet dolores tenetur quae quam. Aut nemo illum dolor. Quidem et ut non sint dolores incidunt delectus. Recusandae est eligendi similique at consectetur illum. Natus ea asperiores possimus in. Praesentium quo voluptatem voluptatem expedita animi. Nihil nostrum voluptatem nihil placeat. Dolorum in ut quam aliquid exercitationem. Ducimus culpa suscipit molestias sunt laborum quo sed. Praesentium est quis nihil numquam. Consequatur nulla repellendus et hic blanditiis id rerum in. Quia sunt hic optio ut ut. Iste enim magni pariatur ut vel dolore. Aliquam vel voluptatibus aut doloribus labore deleniti quis. Harum pariatur provident quia. Aut ut doloremque doloribus occaecati illo exercitationem iste. Necessitatibus eius cumque sed quisquam quis. Accusantium repellat autem voluptas deserunt labore aut et. Ut quod quo illum animi. Quas similique maiores pariatur id fuga.', 'https://via.placeholder.com/1280x720.png/00ccaa?text=in', 1, 5, 12, '2023-11-09 00:20:26', '2023-11-09 00:20:26', '2023-11-09 00:20:26');
INSERT INTO `posts` (`id`, `title`, `slug`, `excerpt`, `body`, `image_path`, `published`, `category_id`, `user_id`, `published_at`, `created_at`, `updated_at`) VALUES
(64, 'porro perferendis eligendi eum id minus saepe sit consequatur.', 'non-provident-magni-minus-vero-sapiente', 'Nostrum ut nihil et. Commodi autem sit quia expedita alias qui autem. Ex rem sit repudiandae rerum. Natus error beatae dolorem dolores qui.', 'Atque et dolores occaecati deleniti quo ut est. Omnis saepe nisi qui dolores adipisci doloribus. A qui exercitationem non dolorem. Ullam molestiae omnis a sed. Rerum accusamus ipsa maiores qui voluptates accusamus. Officia iusto ducimus et est. Illum repellat veritatis consequuntur sed totam quibusdam. Rerum occaecati ipsa nesciunt nostrum aut. Aut et placeat cum voluptatem et. Earum et voluptatem quidem alias reiciendis aliquam. Nemo totam cumque officiis velit atque nam. Aspernatur provident cupiditate ea enim omnis ea ipsam. Aut qui dolorem quia quam eos aliquam saepe. Ut sit eum sit voluptas minus aut doloremque. Ab vitae aut non. Nam ratione voluptatem quod voluptatem quaerat. Temporibus consequuntur veniam possimus atque velit fuga. Quam hic voluptatem ut nihil qui asperiores eligendi. Voluptatibus quaerat est dolor tenetur ducimus repellat ratione. Quos sunt distinctio temporibus voluptatem animi facere. Doloribus dolor delectus aut soluta architecto aliquam et. Beatae sunt omnis nobis sunt. Praesentium maxime incidunt omnis et totam. Qui autem voluptate qui. Modi atque pariatur culpa inventore quas voluptates. Quibusdam aspernatur qui tempore non reiciendis consequatur. Nihil sapiente amet molestias vel doloremque quia itaque. Officia eos quidem aut velit aut. Hic nisi necessitatibus voluptates. Voluptas ipsam pariatur quasi doloribus. Quo id consequatur eos nam et sit ex. Dicta a et harum et corrupti cumque et. Mollitia sapiente laboriosam natus similique iste voluptates. Fugit voluptas qui hic beatae. Reprehenderit nesciunt dolore iure magni similique illo corporis. Consequuntur nesciunt quaerat soluta. Quos nam voluptate in. Ducimus nemo omnis alias vel incidunt. Sint quasi amet doloremque facere ullam vero totam. Vel tempora ad vel. Qui rerum expedita animi quis voluptas accusamus. Molestiae ullam quis facilis ducimus et deserunt. In omnis et optio sunt. Est aut dolores sed deleniti. Officia totam ducimus rerum fugiat.', 'https://via.placeholder.com/1280x720.png/008899?text=molestiae', 0, 1, 9, NULL, '2023-11-09 00:20:26', '2023-11-09 00:20:26'),
(65, 'dolorum dolores officia expedita facilis ut.', 'harum-vitae-architecto-ad-deleniti', 'Culpa quaerat eius quas nihil vitae id adipisci est. Aut qui est enim assumenda. Quae recusandae laborum quod rerum debitis eum sit. Quo perferendis non vitae maiores.', 'Libero perspiciatis quo ut laudantium odit ea. Veritatis itaque velit sint quidem culpa. Minus commodi rerum eligendi tempora. Et cupiditate et eligendi consequuntur accusamus saepe. Laudantium dolorem laboriosam minima ut. Sequi et laboriosam fugiat cum. Quidem nisi qui veritatis ut repellat eum ipsam odit. Perspiciatis similique animi adipisci at iusto veritatis aut. Sint praesentium maxime aspernatur reprehenderit. Numquam ut accusantium accusantium vel necessitatibus. Quis aut amet itaque molestiae omnis ea. Numquam quis voluptatem et error eos totam unde. Et iusto laboriosam delectus. Est nisi optio eveniet et rerum quos. Enim eligendi praesentium eum ea ab aliquam. Temporibus dolorem voluptatem perspiciatis ut ea facere ratione distinctio. Sed reprehenderit cupiditate omnis qui aspernatur eligendi. Quo ipsam recusandae magnam aut provident ipsum fugit. Accusantium fugit omnis nulla qui accusantium. Non voluptates aut alias et at aut. Aut asperiores qui perferendis ea et non saepe. Vitae nemo aut perspiciatis qui reiciendis a quis. Odit nemo iste vel aliquid animi alias. Labore recusandae natus voluptas magni porro est. Placeat accusantium ipsa dolor tempora deserunt facilis accusamus. Omnis ratione voluptatem eligendi ea vel sint quia. Unde est et molestiae et pariatur. Corrupti vel et omnis accusamus. Laboriosam velit aut rerum omnis consectetur. Incidunt autem qui eum. Deleniti sapiente est animi consequuntur. Sapiente doloremque necessitatibus nihil odio. Veritatis molestiae blanditiis inventore. Aperiam facilis quis hic minus dicta. Qui quisquam quis nobis laborum expedita voluptatem quidem. Exercitationem itaque voluptatem alias iste quo qui. Et non consequatur ut nihil in pariatur sed. Et rerum aut cum vero. Nisi maxime molestiae dolorum beatae dolore. Quasi voluptatibus sed ex necessitatibus earum provident odit.', 'https://via.placeholder.com/1280x720.png/004455?text=occaecati', 1, 1, 20, '2023-11-09 00:20:26', '2023-11-09 00:20:26', '2023-11-09 00:20:26'),
(66, 'qui tempora deserunt eos aliquam.', 'laudantium-molestiae-non-fugiat-qui-rem', 'Id est officia numquam ipsam velit aut praesentium corporis. Qui totam aut in est vel sed. Quod ratione similique corrupti sit perspiciatis magnam. Possimus explicabo earum qui exercitationem cumque.', 'Adipisci aspernatur molestiae doloremque quibusdam alias ab doloremque. Iure et veritatis et nobis asperiores quas in. Officia labore molestias suscipit ipsum consequatur. Sapiente adipisci omnis cum vel magni. Aperiam quia quos dolorem nesciunt quia consectetur. Quasi officia asperiores et voluptatem ut. Fuga sit perspiciatis quae aut architecto ut. Quibusdam architecto voluptates facilis voluptas. Quia blanditiis in veniam quo tempora perspiciatis porro. Odio et illum ut dolor aut tenetur. Inventore ut veritatis rem facere. Sunt est natus nemo. Iusto quod sit illum et eum sint. Corporis sed reiciendis officia eveniet eos. Nobis corporis qui nam dolores odio quam nobis provident. Fuga molestiae quisquam quasi corrupti expedita. Esse libero temporibus recusandae reiciendis perspiciatis ipsum dolores deserunt. Cumque corrupti eos at recusandae occaecati. Et itaque hic natus voluptas consequuntur. Quasi ut laborum blanditiis quibusdam minus ea sunt. Cumque amet at minima dolorem ad sunt quos. Iste ipsa sint modi cupiditate sint exercitationem. Facere a qui optio nesciunt suscipit. Delectus ut dolore et maiores. Laboriosam adipisci sed nam modi esse. Tempore nihil blanditiis commodi ex. Alias fugit et quia quae exercitationem sed. Omnis quia aut animi deserunt. A asperiores dolores veniam vel beatae deleniti sint. Ut quo assumenda aliquam soluta et. Et voluptatem error similique. Accusamus quia voluptas inventore nam accusamus ut. Quis unde in in mollitia. Quisquam dolorem quam nesciunt perspiciatis. Dicta molestiae itaque ullam ullam quisquam qui autem. Et cumque aut libero odio possimus. Doloremque quidem ut quaerat distinctio repellendus nemo. Velit debitis quos at. Est suscipit quia at et officia et et. Veniam incidunt excepturi minima dolorem quia. Sint et explicabo repudiandae. Fugiat corporis aut velit perferendis nostrum inventore molestiae. Praesentium non culpa quisquam ut aut voluptas.', 'https://via.placeholder.com/1280x720.png/001100?text=minus', 1, 1, 8, '2023-11-09 00:20:26', '2023-11-09 00:20:26', '2023-11-09 00:20:26'),
(67, 'voluptates consequuntur voluptatum natus non tempora aut consectetur.', 'reprehenderit-qui-aliquam-qui-qui-aut-soluta-ratione', 'Ea reprehenderit amet autem enim. Minus eveniet aut quam debitis reprehenderit non et. Incidunt facilis error ab similique non dignissimos quaerat. Dolor at ut et est nemo ipsum praesentium.', 'Quisquam quae dolores eum. Vero quae occaecati est voluptatum quisquam. Facere eum expedita reiciendis ipsam voluptatem inventore. Aspernatur nisi placeat omnis culpa consequatur in sint. Tenetur quisquam pariatur incidunt quaerat ut dolorem in officiis. Voluptate non necessitatibus rem iusto. Sit velit at sit nulla itaque recusandae. Quia qui itaque in expedita. Non inventore quaerat enim expedita. Deleniti adipisci expedita quisquam deserunt dolores porro. Sit qui non qui beatae sint exercitationem. Commodi sint sunt et et soluta sed. Id odio distinctio accusantium et dicta et sequi. Rerum placeat recusandae reiciendis eum qui. Omnis assumenda excepturi non tenetur provident debitis. Animi quod odio dicta ab qui tempora assumenda. Amet molestiae asperiores ex quos laborum. Esse deserunt enim reprehenderit occaecati eos eaque nisi consequatur. Harum numquam eos ducimus. Labore error et unde ea. Officiis nesciunt nesciunt qui ipsa sed tempore. Eos eum voluptatem similique beatae quo aliquam molestiae dolor. Fugiat mollitia nostrum omnis repellendus et. Dolores esse omnis fugiat quis provident aliquid temporibus corrupti. Omnis repellendus aut est ducimus. Laboriosam delectus qui maiores. Corrupti quia non ipsum. Voluptatem omnis alias quisquam quasi omnis. Quia dolor est eaque et odio qui. Ab voluptas officiis excepturi minima non ea consectetur. Quae earum sed consequuntur numquam. Sed eos iste eius laborum adipisci est maiores. Numquam temporibus sit aut aliquam occaecati voluptatibus. Totam recusandae dolorum sint minima suscipit consequuntur quas. Qui nihil iure laboriosam. Id mollitia aut quis cupiditate. Cupiditate similique ipsa sapiente beatae labore est magni ut. Pariatur aperiam hic hic asperiores illum quod consequuntur.', 'https://via.placeholder.com/1280x720.png/006655?text=temporibus', 0, 2, 9, NULL, '2023-11-09 00:20:26', '2023-11-09 00:20:26'),
(68, 'est ab rem vel nesciunt itaque explicabo quis.', 'placeat-dolores-ex-asperiores-aut-vitae-eaque-aut-ullam', 'A magnam adipisci consequatur velit. Adipisci tenetur ipsa dignissimos voluptatem quibusdam corporis debitis adipisci. Velit ab illum animi amet asperiores officiis.', 'Vel ex maiores et odit soluta. Aut praesentium omnis nisi est reprehenderit aut. Non iusto laborum suscipit eveniet. Aliquam laborum veniam alias dolor voluptatum nulla. Labore et est quia. Enim omnis quibusdam ut architecto voluptatem vel enim. Nobis modi dicta aut culpa distinctio illum sint est. Quis occaecati natus eligendi vero perferendis possimus. Vel officia temporibus iusto dolorum. Molestiae atque corporis eveniet sed. Enim facere aut necessitatibus consequatur iusto. Aperiam distinctio est et est corrupti eum. Voluptas cumque exercitationem eius dolore qui. Culpa ut autem eveniet et ex officiis qui. Consectetur laboriosam sequi ea iste totam dignissimos dolores. Sapiente ducimus dolor est illo enim voluptatem quos. Ea soluta aut porro voluptas. Impedit ad aperiam omnis officia laboriosam aut voluptas. Consectetur officia aut dignissimos. Earum at aspernatur rerum et voluptatem. Accusamus quidem deleniti in quam. Omnis mollitia ipsa ut atque. Doloribus ut magnam eligendi nihil amet minus aliquid. Sapiente eaque inventore soluta voluptatem magni dignissimos amet sit. Perspiciatis quia minima tempora repellendus earum doloribus aut. Voluptatum quia asperiores ut dolorum. Natus quos nihil a ipsam. Reiciendis adipisci labore porro ad magni dolor aliquam. Dolores cumque placeat impedit eaque ut rem. Deleniti blanditiis id omnis quisquam. Assumenda fugiat dignissimos ea sint quia temporibus veniam. Accusamus atque eligendi reprehenderit at illum. Laudantium numquam neque expedita. Dolores dolore non quae quas veniam odit. Inventore eum dolores rem vero voluptas facere corporis. Et ut eius dolores quos natus totam. Sit est id fuga culpa dicta quam et voluptatum. Maiores temporibus dolores placeat voluptatum. Commodi iste voluptatem molestias. Cumque totam dolore delectus fuga qui veritatis. Ipsa totam eum laboriosam ea facere nulla. Magnam laboriosam officia dolorem vel deserunt voluptate.', 'https://via.placeholder.com/1280x720.png/005599?text=similique', 1, 1, 6, '2023-11-09 00:20:26', '2023-11-09 00:20:26', '2023-11-09 00:20:26'),
(69, 'omnis autem et molestiae architecto autem beatae sunt.', 'in-ut-occaecati-nobis-cupiditate-dolore-dolore-assumenda-cum', 'Cumque dolores blanditiis commodi voluptas molestiae. Quasi assumenda autem necessitatibus temporibus consequatur. Blanditiis minus est et similique voluptatem ea.', 'Eos tenetur voluptatum est doloremque consectetur omnis illo quaerat. Eaque dicta sint exercitationem dolores officiis ratione. Praesentium laboriosam sed aut molestiae veniam. Velit similique doloremque corporis. Quasi ut quam ut minima qui. Odit et et sit dolorem expedita placeat quidem ducimus. Sit tempora accusamus sed ad asperiores laboriosam nemo. Vel nihil inventore qui sapiente rerum sit vel. Impedit sapiente eos doloribus voluptatem illum voluptate. Sapiente placeat aut quo porro amet. Perferendis autem doloribus eaque explicabo voluptatum ipsa ex. Vitae exercitationem quam et ea. Voluptatibus architecto magnam aliquid corporis. Nihil qui est cupiditate in consequuntur sed. Explicabo eius deleniti sed aut enim quia aperiam. Porro nobis natus consequatur molestias eos qui repudiandae. Eum quasi delectus et ducimus facilis et necessitatibus. Eum qui qui veniam quo est in. Omnis inventore nesciunt corrupti. Qui earum enim perferendis doloremque modi nihil. Hic dignissimos nobis dolores dolor adipisci corrupti. Est minima voluptate facere odit quia alias sit. Eveniet voluptatibus quis ipsa. Dolores quo ut unde consequatur accusamus laborum. Ut hic ullam et ex. Expedita accusamus qui dolore sint quia a voluptatem. Non odit autem delectus harum et. Est dolores consequuntur sit vel corrupti dicta quidem. Velit et blanditiis dolor aut ea tempore eius eligendi. Quae quae sed qui non. Distinctio enim dolorum voluptates delectus quod magnam officiis. Rerum ducimus animi incidunt. Adipisci cupiditate exercitationem rem est sapiente. Dolores assumenda occaecati est veniam. Nemo ratione quia esse doloremque perspiciatis et unde. Omnis ea pariatur asperiores enim dolor. Numquam et totam omnis dolores. Est omnis soluta deleniti velit et. Sint sit minus ut. Officia sint nostrum modi omnis quisquam harum. Et ea itaque quam debitis facere consequuntur. Mollitia consequatur officiis dignissimos quis. Inventore voluptatem eum voluptates libero.', 'https://via.placeholder.com/1280x720.png/003366?text=vel', 0, 2, 15, NULL, '2023-11-09 00:20:26', '2023-11-09 00:20:26'),
(70, 'dolores nihil corrupti nobis tempora inventore.', 'architecto-mollitia-earum-id-et', 'Nisi totam saepe omnis reprehenderit. Quae labore repellat reprehenderit omnis sapiente odit.', 'Ex ipsum esse ipsum esse. Fuga excepturi sapiente doloribus maiores. Ab maxime quisquam accusamus tempore ipsa sequi. Aut qui modi ipsum corporis impedit. Eligendi voluptatibus est quia atque autem. Nostrum doloribus blanditiis minima alias accusantium. Quos accusamus sit alias sint. Sapiente eum soluta aliquam quas. Voluptates saepe doloremque neque corporis tempora. Et ea itaque quis voluptas. Non et voluptatem perspiciatis omnis tempore ut dignissimos. Illo natus dolore sed possimus doloremque recusandae. Vitae repudiandae aliquid molestias enim earum voluptatem et. Aliquid earum et eaque sed eaque. Voluptatem fugiat officiis nam autem excepturi assumenda. Sit modi inventore asperiores. Enim modi totam nulla ut qui enim consequuntur. Natus nisi numquam placeat. Provident est est est. Deserunt quae et esse optio. Aut et sed accusantium et unde. Ducimus sint vel repudiandae consequuntur. Quae qui consequuntur est sequi. Quod fugit possimus est tenetur molestiae mollitia. Adipisci laboriosam sit alias saepe nulla voluptas totam. Aut ipsa animi distinctio placeat atque modi. Temporibus perspiciatis quis quia ut doloremque recusandae debitis. Eos voluptas doloremque sit ipsam. Placeat rem debitis voluptatem magnam provident quasi. Itaque culpa ut quis molestiae doloribus est a. Facere molestiae temporibus sed veritatis dolores porro. Quisquam expedita perspiciatis consequatur nemo qui quibusdam voluptatem autem. Ratione consectetur quasi deserunt omnis et. Distinctio quis sint et autem beatae occaecati. Atque in eum voluptatem harum odio possimus fugiat. Magnam veritatis et voluptatem impedit. Eligendi non ipsum rem deleniti harum et facere. Sed fuga ex harum voluptates accusantium ratione. Ipsum et et et distinctio. Itaque accusamus doloribus occaecati distinctio deleniti aliquam. Vel ut quia alias molestias velit reiciendis nulla. Quidem qui laudantium qui aut. Voluptatem libero consequatur quibusdam quia. Ex eos sed nostrum. Id ut qui provident exercitationem.', 'https://via.placeholder.com/1280x720.png/0088cc?text=minus', 1, 3, 19, '2023-11-09 00:20:26', '2023-11-09 00:20:26', '2023-11-09 00:20:26'),
(71, 'eius dolorem animi ratione nemo cum rem.', 'quae-necessitatibus-unde-aut-et-quibusdam-quis-reiciendis', 'Dolorem suscipit officia consequuntur velit molestiae. Et perferendis eum autem deserunt delectus ut optio. Explicabo et non quis in omnis autem eos.', 'Quas sint alias architecto ipsam blanditiis voluptatem. Saepe voluptatem tempora dignissimos et ratione. Et incidunt perferendis similique fugit optio et nam. Est magnam et doloribus ducimus corrupti. Aut omnis minima qui molestias quibusdam aut. Voluptatem neque pariatur laboriosam non et. Nobis voluptate voluptatum ratione at molestias laborum et et. Exercitationem qui sed eos voluptas debitis ut. Asperiores occaecati odit id cupiditate suscipit. Optio aperiam et debitis atque aliquam quos ipsum. Officiis vel sit et atque consequatur. Enim pariatur delectus eum voluptatem et ipsam vero. Dolores quia aut et aut corrupti. Dolorem assumenda et nostrum id repellat. Est harum tenetur nemo et expedita officiis. Itaque ut atque esse dolorem aut quo eaque iusto. Qui enim deserunt consequatur dolorem. Vel quis qui consequatur dignissimos sed. Facilis at distinctio rerum. Sequi cum quaerat dolorem rerum voluptatem nemo dolor. Veniam non et maiores quibusdam dolorem. Modi odio nobis recusandae facilis unde voluptatem consequatur. Dolorum necessitatibus repellendus tempore laboriosam porro in consequuntur. Est ratione ut et cum autem saepe dicta. Quos vel sint vitae aliquam voluptatem velit. Molestiae alias aut quam rerum. Nemo illum delectus officiis similique mollitia. Amet est et praesentium totam mollitia ut natus laudantium. Ut expedita qui nisi nobis doloribus quam reprehenderit. Aut quis dolor dolor accusamus velit. Hic ad aut dolore et excepturi dicta quam. Eum fuga reprehenderit voluptatibus laudantium eum. Modi quia sed excepturi perferendis atque. Consequatur quam voluptatem illo nisi hic sint veritatis. Natus ut eum id consequatur non. Asperiores exercitationem eligendi dolorem dignissimos. Numquam ea est non nihil cupiditate dolorem et. Sit id et quo facere. Voluptas qui sit praesentium et.', 'https://via.placeholder.com/1280x720.png/003388?text=culpa', 1, 4, 18, '2023-11-09 00:20:26', '2023-11-09 00:20:26', '2023-11-09 00:20:26'),
(72, 'ut autem eum ipsa vel.', 'esse-numquam-dolorum-eaque-inventore-corporis', 'Eveniet a enim voluptatibus aut qui possimus. Similique iste et quia sit quis. Cumque esse voluptas incidunt est ad. Sunt praesentium autem et aperiam ex illo iusto deleniti.', 'Hic asperiores et eligendi cum sed ullam soluta fugiat. Alias id facere dolorem nisi qui iure. Dicta officiis odit voluptatem ad qui et. Fuga dolores qui molestias itaque ipsa tenetur. Exercitationem ex non exercitationem dignissimos. At et voluptas laudantium aperiam ut. Corrupti vitae porro nesciunt optio. At aut fugiat vel assumenda eligendi inventore. Saepe ullam rem quis perspiciatis sapiente recusandae non quisquam. Blanditiis provident est est qui non sit doloribus ut. Vel ad ab sed a quos eius. Magni earum excepturi itaque eveniet eveniet quia. Laudantium quos quam enim sit aut. Laborum incidunt quisquam eum hic velit aut. Porro vel nesciunt voluptates voluptas nulla molestias reprehenderit. Provident temporibus esse voluptatem praesentium laboriosam beatae accusamus harum. Porro aspernatur natus voluptates vero sed sunt possimus officia. Blanditiis et quibusdam et dignissimos. Rerum molestiae est expedita autem ipsam natus. Eum aut est sit deleniti. Totam aliquam optio architecto hic officia voluptas culpa. Placeat dolorum et dolores molestiae rerum. Quia est fugit nemo ut reprehenderit quis aliquid. Repellendus ut incidunt laudantium reiciendis. Fugiat sed fugiat minus vel vel non eius. Dignissimos unde suscipit animi qui. Commodi consequatur ipsam accusamus. Sit natus excepturi animi officiis deserunt quo. Quae ut et ratione ea. Molestiae praesentium dolorem sunt quod aut est cupiditate. Aut consequuntur molestiae nemo rerum omnis nulla. Dolores minima officia ipsam incidunt id non cupiditate. Est non sunt inventore nemo. Rerum commodi voluptatem reprehenderit ea. Est velit nihil autem eos. Autem mollitia commodi qui dolorem. Ea aperiam nihil sed amet maxime omnis veniam. Nam eligendi vitae eos. Sequi quasi voluptate autem veritatis non. Omnis quo earum rerum quo aliquid vel quidem asperiores. Perferendis possimus molestiae beatae omnis non. Est est et vero quo voluptatem dolore corrupti.', 'https://via.placeholder.com/1280x720.png/00bb11?text=quam', 1, 4, 19, '2023-11-09 00:20:26', '2023-11-09 00:20:26', '2023-11-09 00:20:26'),
(73, 'magni nostrum deserunt id dolor ea.', 'aut-dolores-culpa-eum-officiis-sapiente-dignissimos', 'Veniam vel odit reprehenderit est illum. Dolores quae atque voluptatibus maiores minus nobis.', 'Cupiditate sit qui quas alias rerum earum. Tenetur velit est sit quo veniam dolor. Magni in ducimus rerum nobis commodi autem. Error quia rerum sunt et molestiae. Quo provident occaecati ab optio. Labore libero dolor qui. Qui cum nesciunt deserunt ullam ut saepe magnam dolorum. Necessitatibus qui harum asperiores non magni quam omnis non. Ut perspiciatis voluptatem rerum totam consectetur sit nam. Repudiandae dolorem nemo qui veniam dicta quis. Eos nihil explicabo facere molestiae fugiat quia doloremque. Nihil sunt et earum nihil ratione quasi. Dolore nihil et mollitia aut qui quis voluptatem. Omnis neque earum quis veniam quis. Minima facere ratione odit iure vel vel ullam. Reprehenderit consequatur commodi corrupti asperiores inventore ea quam. Similique ipsum sunt iste atque aliquid in dolorum nulla. Occaecati eos aut sed incidunt dolor error. Ad et omnis non laboriosam enim officiis. Fuga quas dolorem voluptatem saepe. Mollitia natus laboriosam totam ut optio. Quaerat laboriosam incidunt veniam exercitationem ad eum deleniti. Tempora in ab corporis cumque non in quo. Rem aut similique quo saepe sint. Consequatur error nobis est itaque. Quis maxime ratione qui sit quisquam ipsum. Velit omnis ea ea expedita. Totam maiores explicabo porro. Enim vero maiores voluptas necessitatibus quam. Eos et quaerat voluptatem veniam. Optio saepe voluptatibus saepe. Temporibus quia omnis atque ad voluptatem eum ut. Sed sunt ab illo totam labore occaecati cum. Ab quos sed quo et. Culpa est perspiciatis aperiam molestiae harum exercitationem. Accusantium inventore animi modi dolorem cumque. Necessitatibus veritatis qui dolores ea ut occaecati non dolores. Quia quam molestiae repudiandae iusto. Officiis sit dolores ipsa doloribus. Voluptatem dolorum quo numquam deserunt velit. Et labore consequuntur voluptatem tempora. Et aut praesentium accusamus fugiat in placeat et. In dicta maiores qui ipsum dolorum commodi aut. Autem sed asperiores perspiciatis non id quia.', 'https://via.placeholder.com/1280x720.png/004411?text=cupiditate', 1, 3, 17, '2023-11-09 00:20:26', '2023-11-09 00:20:26', '2023-11-09 00:20:26'),
(74, 'veritatis fuga quia ipsam nemo.', 'aspernatur-et-quo-natus-excepturi-amet-nihil-ratione-blanditiis', 'Suscipit voluptatem eos necessitatibus minus dicta eum. Quo atque impedit corporis enim. Voluptatem dicta omnis cumque alias odit.', 'Minima libero laboriosam quia occaecati odit quaerat ut. Non similique dolore quia. Quo sed vel numquam molestiae quas quisquam. Aut nobis libero adipisci corporis. Et nihil iusto commodi ea. Iste rerum aperiam et ex ab cupiditate. Alias debitis rerum quod provident. Et voluptatem sit aut beatae fugit fuga. Amet sed expedita enim blanditiis minima soluta quae. Alias enim nostrum quis officiis recusandae dolor distinctio. Incidunt et nihil hic. Distinctio doloribus et voluptatibus cumque. A est pariatur omnis rerum. Voluptatum exercitationem omnis est accusamus quam voluptatibus qui. Reiciendis quasi minima quasi necessitatibus iste. Ipsa cupiditate doloribus dolores eos dignissimos nulla. Animi inventore maxime quis aut ipsam sit dolor. Ut et sit eveniet doloremque iure. Consectetur provident quos est nesciunt. Nostrum voluptatem quibusdam mollitia sequi enim inventore sunt. Et qui dolorem dolorem dolores et est. Ipsum blanditiis voluptatem repudiandae reprehenderit. Aliquam eos voluptatem et sint iure similique et ad. Optio velit placeat quas est accusantium voluptatem voluptas. Enim qui aut impedit laudantium. Nihil accusamus sunt necessitatibus labore quos id voluptate. Illum laboriosam accusamus rerum rem doloremque. Fugit illo deleniti impedit reiciendis numquam reprehenderit. Et in est qui numquam voluptas nihil. Assumenda pariatur voluptatibus dolorem maiores qui voluptas labore. Iusto qui nobis unde. Amet sequi blanditiis corporis quia aliquid sint. Earum ea aut sed. Nulla eum esse atque velit qui maxime voluptas modi. Eos quo laudantium quia in consequuntur id necessitatibus. Harum totam ut voluptatem qui. Recusandae soluta aliquid voluptate dolor cumque iste eius quasi. Quos ducimus animi vel nisi. Omnis non vel eaque. At numquam tenetur quia nemo. Corporis aut quam sunt itaque nisi possimus reiciendis. Sint repudiandae nemo dolorem mollitia maiores. Quaerat et voluptas facilis molestias.', 'https://via.placeholder.com/1280x720.png/0066dd?text=neque', 0, 2, 17, NULL, '2023-11-09 00:20:26', '2023-11-09 00:20:26'),
(75, 'ut officia qui a sit.', 'laudantium-nulla-officia-et-dolores-modi-earum', 'Accusamus laborum iste qui provident et illo quam. Asperiores ea eos ea fugit. Culpa et provident nobis et. Dicta ullam quo autem voluptatem excepturi eos vitae.', 'Voluptatibus rerum molestiae eum tempore deserunt. Iste aut aut voluptas qui sit sequi. Cum aperiam cum in esse maxime voluptatem. Et ut facilis ipsam vero enim. Ut molestiae eligendi et ipsa. Cumque similique qui quia qui veniam laboriosam. Odit eaque est laborum laboriosam vel tempore in. Fugiat laborum id eaque sapiente minus soluta quo. Magnam delectus ut officia nulla modi. Et nemo aliquid placeat dolorum magni eum ullam. Ut quia et sit sint ut totam quia. Voluptatem id veniam ut eveniet similique sit quod itaque. Cumque laudantium quam iusto esse voluptates beatae blanditiis deserunt. Iusto excepturi et inventore deserunt perferendis ducimus. Qui ipsum consequatur aut sint recusandae ipsam dolores. Aperiam qui dolores sequi nihil dolorum deleniti. Earum iusto iusto minima voluptatum ut ab. Ducimus et perspiciatis incidunt culpa aut non. Rerum quasi eius fugit. Quibusdam voluptates voluptates voluptas minus. Eum vel quaerat omnis ut sed ab magni pariatur. Et suscipit ullam alias soluta. Autem sit possimus veniam. Odit cumque amet dignissimos est. Maiores nulla assumenda aperiam illo blanditiis nulla nihil aut. Beatae sit consectetur sit molestiae quia tenetur dolorem. Dolor minus ut et ut a tempore. Voluptatum consequuntur commodi minima sunt sunt sequi. Itaque maiores deleniti omnis. Facere rerum est accusamus. Aut non eaque officiis quo saepe. Quidem voluptas dolorem voluptatem totam harum assumenda perspiciatis. Eum sunt et autem deleniti molestiae et eaque. Quas sed qui quia earum iure. Sequi tempora non quia rerum totam similique. Minus omnis autem aut fugit. Ipsa voluptas nam aut velit dolore et quisquam aut. Quia numquam est et qui. Facilis id vero et eius. Adipisci est doloremque nesciunt consequatur. Ut nesciunt quis reiciendis itaque unde id et dolore. Ducimus earum ullam maiores accusamus. Veritatis voluptas voluptas est nobis. Reiciendis rerum labore dolores doloremque rerum. Aperiam autem minus enim eveniet.', 'https://via.placeholder.com/1280x720.png/00ddaa?text=ut', 0, 4, 17, NULL, '2023-11-09 00:20:26', '2023-11-09 00:20:26'),
(76, 'maxime in ab nulla vel.', 'rerum-optio-consequatur-ut-praesentium-et-voluptate', 'Aut dignissimos qui fugit et accusamus dolorem. Illo nemo ratione sit reprehenderit. Et delectus corporis tempora quasi. Minus necessitatibus quia accusantium ut.', 'Et consequatur enim numquam quo unde. Laborum numquam aut aliquam. Quasi incidunt quod fugit qui blanditiis. Sit quaerat dolorem at aliquam quia ipsa et quam. Delectus fuga sit quo nesciunt nobis id. Quo ut dolorem ducimus ipsam aut reprehenderit quae. Quae et ipsam dolorem quis corrupti sunt molestiae. Inventore aliquid ut qui pariatur. Error consequatur velit deleniti velit ipsum nobis. Ipsam ut harum illo autem. Cum dolores esse ullam illum. Libero veniam id alias aliquid culpa totam quidem. Eius est cum dolores esse perspiciatis. Provident qui hic accusantium reiciendis consequuntur qui. Reiciendis eos quasi unde ut doloribus aut et dicta. Illo iusto molestiae molestiae porro quo. Voluptatem reiciendis vitae possimus dolore dignissimos et. Facilis et non corrupti eos voluptatum doloribus repellat. Et facilis asperiores consectetur perspiciatis. Laudantium voluptatem minima ipsa velit. Qui porro repudiandae unde voluptatum debitis aut iste. Consequatur ex vero qui fugiat qui temporibus. Nisi assumenda ipsam voluptas ut. Sint eius quis iure. Perspiciatis nemo non quia vitae dolor soluta. Odit at voluptatem hic distinctio laudantium. Omnis atque ullam soluta explicabo. Dolore rem sunt reprehenderit vel voluptas sint ut eum. Pariatur atque et quaerat illo soluta rerum. Repellat qui sed odio incidunt quaerat non saepe. Dolores vel vel nisi doloremque porro et quia. Excepturi est iste atque atque. Quia nobis reprehenderit voluptatem dolorum. Inventore qui aut pariatur omnis rem. Cumque ut totam quia. Est doloribus eum et qui repellendus asperiores aut. Porro voluptate consequuntur aut labore et inventore mollitia mollitia. Doloribus et et vel dolore in. In dolorem laudantium vero ut labore. Aut omnis alias sint quae omnis qui. Nesciunt ad amet assumenda officia temporibus nostrum qui. Ut sunt minima ad. Dolore atque illum dolorem et quaerat dolorum rem. Suscipit qui sed repellat eum.', 'https://via.placeholder.com/1280x720.png/005544?text=quia', 0, 3, 10, NULL, '2023-11-09 00:20:26', '2023-11-09 00:20:26'),
(77, 'qui accusantium exercitationem amet culpa sint.', 'tempora-rerum-sint-est-asperiores-rerum', 'Et consequuntur quas quia nam. Excepturi rerum est quod ea nihil. Deleniti consequuntur itaque enim sed praesentium itaque esse. Sunt doloremque quia excepturi deleniti perspiciatis nihil est.', 'Quasi possimus debitis suscipit. Rerum voluptatem velit ipsa perferendis voluptate sapiente. Odio repellat debitis aliquam beatae eaque maxime ut. Dolores ab error exercitationem voluptates. Sed non vel dolorum placeat distinctio vel id. Omnis hic aut similique adipisci vero. Doloribus libero ut distinctio aut nobis voluptatem in. Non quod tempore et quibusdam dolores. Sint voluptatem excepturi inventore ratione tenetur quis earum. Nobis magni dicta sint ut architecto. Expedita aliquam in et quae voluptatem. Dolor modi quod ipsam. Quod deleniti voluptate id pariatur ut qui. Facilis quis voluptatem numquam ex quia tempore. Nulla id dignissimos impedit fugiat. Eum quis amet suscipit fugiat enim itaque. Amet placeat rerum dignissimos ullam asperiores ratione rerum. Deleniti accusamus modi ea. Laboriosam quo et minus et. Quis quis minus rerum rem similique ea saepe et. Quam dolores iure molestiae saepe. Ratione quibusdam unde provident eligendi. Sequi qui eius ipsa. Id provident quisquam sint atque esse ratione facilis. Quas unde vel in velit aspernatur minus. Non totam nemo voluptate et. Expedita possimus expedita quod. Dicta repellat eum blanditiis quis natus. Quia ea commodi sed nam hic. Consequuntur laudantium dolorem a velit rerum id et. Laudantium iure qui est qui ea sed et. Ducimus quia consequatur maxime incidunt tempora quam. Totam doloremque laborum molestiae dolor placeat. Consectetur et iste harum natus ratione corrupti. Non sit ipsa iste placeat. Non nisi natus enim culpa impedit. Ipsam accusamus accusantium rerum magnam corrupti. Tempora est possimus sint quisquam. Perferendis repudiandae perspiciatis est nihil. Nostrum perferendis qui omnis. Qui consequatur illum facilis ut. Sequi cupiditate rerum aliquid aperiam. Unde est magni quidem perferendis nulla qui voluptatem delectus. Quia molestiae tempore non voluptatem. Totam et exercitationem ea eum fugit voluptatum modi. Cum iure quam quam deleniti et minima qui nemo.', 'https://via.placeholder.com/1280x720.png/0011bb?text=culpa', 0, 4, 19, NULL, '2023-11-09 00:20:26', '2023-11-09 00:20:26'),
(78, 'quod alias facilis maxime accusantium.', 'perspiciatis-id-quasi-fuga-hic-architecto', 'Ducimus recusandae neque aliquam. Laboriosam enim commodi autem excepturi impedit. Velit dolorem minima aperiam cupiditate vel et. Eum velit in quia delectus a alias qui.', 'Voluptatum velit suscipit sunt amet. Ut qui delectus perspiciatis quae repellendus. Voluptas temporibus dicta qui quia et minima laboriosam. Consequatur labore ut est consequatur ad et eius. Voluptatum iste aut tenetur beatae. Quisquam ea rerum corrupti dolorem nostrum odio unde. Similique enim odit tempora ipsum reprehenderit quis quia. Velit sit consectetur est excepturi. Voluptatem consequatur at dolor laborum quia mollitia. Facere est perspiciatis blanditiis quibusdam rerum magni molestias. Explicabo reiciendis ipsum omnis autem. Nisi qui voluptatem amet qui ut non qui. Qui veritatis adipisci voluptas labore. Et expedita ut neque molestias et dolor ab. Aut deleniti neque impedit a. Molestiae illo voluptate assumenda eos. Doloribus dolores ipsam modi quam assumenda omnis rerum dignissimos. Pariatur totam quidem ab qui recusandae. Perferendis hic illo velit fugiat et blanditiis itaque quo. Qui eos provident ut dolore. Consequuntur sunt eum corporis tempora earum totam porro. Rerum vitae tempore nesciunt consequuntur aut ratione. Sunt nihil hic modi modi. Fugiat vel enim assumenda soluta sed. Modi eius autem sapiente aspernatur. Ea iste et omnis vel saepe. Velit numquam eum consequatur magnam vero. Sint assumenda eos quasi. Ullam et molestiae temporibus et consequatur ipsa non. Sunt maxime quia et vel excepturi voluptates eum inventore. Aperiam tempora qui dolorum consequatur voluptas quia id. Molestiae eos recusandae qui pariatur nisi. Provident deleniti rerum quas quis. Atque aliquam voluptas itaque modi. Ex deserunt reiciendis iure libero vel et nostrum. Quas libero accusantium alias fugiat magni incidunt. Exercitationem blanditiis consequatur maxime odit est. Unde repudiandae qui alias voluptatem temporibus optio. Expedita fugit hic distinctio qui ea. Placeat ratione quia doloribus. Quas occaecati tempora ut aspernatur. Vel voluptatibus aut sunt quo laborum in ut. Atque in sequi dolor incidunt aut modi placeat.', 'https://via.placeholder.com/1280x720.png/005533?text=ea', 1, 3, 15, '2023-11-09 00:20:26', '2023-11-09 00:20:26', '2023-11-09 00:20:26'),
(79, 'ut corporis est quod cum.', 'est-sed-ipsam-consequatur', 'Nobis officia nihil nesciunt nobis reiciendis nulla cum. Veniam eius sapiente excepturi in incidunt placeat quibusdam. Voluptates laudantium aut nemo temporibus.', 'Consequatur eaque quis est voluptatem. Ad et nesciunt ad eaque. Rerum accusamus voluptatem quidem eius eos qui. Et ea occaecati enim necessitatibus. Ut deleniti officia aperiam. Iusto molestiae quae minus ratione. Libero repellat totam recusandae tempore itaque ut praesentium. Assumenda eveniet deleniti ea maxime nostrum pariatur et. Veritatis magni ut omnis asperiores nemo. Ipsa quidem adipisci modi placeat id. Ratione et eos adipisci ut eligendi minima et ipsam. Ut inventore et illum et quod sunt ut. Officiis quibusdam ratione culpa est voluptas ut. Quia ea quod dolorem voluptatem et unde voluptas voluptas. Voluptatem et enim provident praesentium deleniti. Dolores debitis eos autem corrupti incidunt. Ipsam officia nobis et saepe magnam et repudiandae. Vitae rem autem modi est eligendi. Accusantium magni iure rerum autem debitis quidem vel fugit. Doloremque quibusdam commodi enim quis nesciunt ducimus. Voluptates sequi facere recusandae expedita eum. Molestiae libero qui quia magni consequatur veniam adipisci eius. Sed ex unde ratione ut culpa ullam et. Sint in doloremque amet aperiam quo distinctio eligendi. Quo iusto omnis placeat dolorem deserunt. Et aut nam est quia omnis est. Quas dolor velit est et quis tempore deleniti cupiditate. Rerum praesentium eligendi pariatur rerum est a laborum. Laudantium perferendis doloremque sapiente quia dolorem. Eveniet accusantium id cupiditate dolores qui. Non sit odit aut et consequatur. Ea maiores et velit sed est placeat laudantium. Amet quas adipisci nostrum rerum laudantium sed. Inventore ratione tempore aut laboriosam iusto at. Ea sequi sapiente aliquid eligendi voluptate ab. Quia enim assumenda dolor rerum. Nesciunt tenetur quis eius non. Voluptas perferendis at voluptates non placeat earum. Dolorum suscipit quis dolorem. Consequuntur aut voluptas dolores ut.', 'https://via.placeholder.com/1280x720.png/00ee00?text=qui', 1, 2, 3, '2023-11-09 00:20:26', '2023-11-09 00:20:26', '2023-11-09 00:20:26'),
(80, 'voluptas veniam quisquam earum quibusdam.', 'consectetur-facere-optio-autem-consequatur-eius-incidunt-nesciunt', 'Incidunt eligendi qui ea. Optio est optio error nobis natus excepturi accusamus.', 'Adipisci deleniti qui deserunt. Dolor nisi voluptatum amet laboriosam ducimus ipsum. Quo molestiae ullam aperiam necessitatibus mollitia nisi aut rem. Quo aut eligendi fugit corporis molestiae. Atque ipsum qui aut qui voluptas cumque et. Et officia et iste voluptatem et. Numquam sed numquam earum placeat quaerat quis explicabo. Repellendus molestiae molestiae quisquam exercitationem fuga aut quia. Temporibus nihil vel delectus nemo deleniti repudiandae. Sit facere quibusdam adipisci aspernatur quia. Nulla cupiditate nisi iure quo vel. Qui quod et quia et et tempora. Saepe inventore consequatur laborum exercitationem earum ad necessitatibus. Est rerum officiis aut id. Et repudiandae explicabo omnis sed corrupti maxime. Animi saepe quia iste odio tempore. Laboriosam in facere laboriosam error beatae et atque sit. Voluptas consequatur neque nobis qui mollitia ut. Dolorem ut molestias repellat blanditiis praesentium vel ea. Fugiat molestiae nihil ut corrupti iusto voluptas. Asperiores et velit porro perferendis vero tempore dolore. Sed aspernatur eligendi est consectetur. Quia placeat nihil consectetur harum nulla amet nulla commodi. Corrupti ullam quasi adipisci in. Optio vel a veritatis repudiandae dolorum odit. Et aut ut minus dolorum mollitia porro. Sint alias qui natus possimus odit. Rerum quia dolorem optio qui. Autem quo consectetur voluptatem tempora unde. Alias dolores esse officiis error reprehenderit ipsum laboriosam. Consequatur nemo harum ut facilis pariatur repellat. Iste consequatur doloremque magni eveniet reprehenderit quod. Est enim voluptatem sunt dignissimos ut illo. Ab rerum deleniti non. Quos quos et eum. Sapiente et ut vero reiciendis tenetur odio qui cupiditate. Qui blanditiis voluptate sequi sapiente porro dolores. Fuga ipsa voluptatem aspernatur dolores. Modi delectus ea itaque molestiae illum.', 'https://via.placeholder.com/1280x720.png/006655?text=quasi', 0, 5, 2, NULL, '2023-11-09 00:20:26', '2023-11-09 00:20:26'),
(81, 'alias placeat amet cupiditate vel.', 'tenetur-quos-eos-ut-placeat', 'Dolor qui provident praesentium repudiandae deleniti earum sunt. Sint ut aut harum vero qui. Natus a mollitia harum aut.', 'Vel sit saepe excepturi asperiores. Necessitatibus sed ut temporibus non nihil soluta a. Labore neque voluptate sed eaque qui. Et perspiciatis alias velit. Qui vel minus et et voluptas. Eaque est harum nobis animi. Ut placeat veritatis dicta totam. Eos qui delectus libero unde. Quibusdam nam neque quas eveniet. Pariatur enim id omnis et. Ea eligendi quo enim corporis. Autem qui ullam quos ab. Consequuntur maiores sed non necessitatibus. Ut libero temporibus aliquam numquam repudiandae quod aut. Cumque officiis quia a in suscipit. Dignissimos et et minima corrupti incidunt dolor quia. Dicta dolor consequatur quis et dignissimos. Praesentium velit accusamus nihil aut maxime id. Voluptatum totam tempore ut numquam assumenda aut modi. Autem molestias laboriosam veritatis architecto laborum et. Reprehenderit aut voluptas ab possimus inventore fugit nisi dignissimos. Vel dolorem reprehenderit cupiditate recusandae. Et perspiciatis pariatur eligendi et. Expedita libero quod nihil illo est. Laudantium ipsa est in praesentium vitae ut excepturi. Ullam modi earum quaerat ut. Et deleniti praesentium nisi expedita ad cupiditate voluptatem totam. Omnis qui fugit et magni. Quisquam facere voluptatem porro. Assumenda ut saepe consequatur quia laboriosam aut. Et quod sit eum eum fugit inventore. Voluptate vero est nesciunt vitae laudantium est molestias ea. Quia ea aut quo mollitia. Et commodi sint praesentium voluptas quam quia fuga. Incidunt incidunt ducimus qui consectetur velit. Eum veritatis pariatur qui accusantium nihil quia. Nobis distinctio provident mollitia quo autem maxime fuga. Ut nihil fugit ipsa quia officiis id voluptas consequuntur. Laudantium autem eligendi excepturi a. Omnis illo quo maiores corrupti officiis sequi ut. Distinctio vel alias adipisci aut. Cupiditate fugit amet ut commodi nam et. At voluptas explicabo nihil est eum atque voluptas.', 'https://via.placeholder.com/1280x720.png/00cc00?text=earum', 0, 4, 5, NULL, '2023-11-09 00:20:26', '2023-11-09 00:20:26'),
(82, 'quia culpa ipsa consequatur ut aliquid neque officia.', 'odio-debitis-non-occaecati-libero', 'Dolor omnis nihil laboriosam id minima velit. Voluptatem numquam molestias cum sequi maiores aut libero. Qui aut est quisquam minus ipsam autem.', 'Architecto voluptas aspernatur dicta dolore cumque qui ut. Rerum eum repellendus tenetur molestiae repellendus. Animi architecto id maxime. Dolore iste qui et dolor consequatur eaque. Esse et fugit harum. Dolorem omnis ex id deserunt. Iure magni molestias excepturi quasi totam. Unde aut quis et magnam. Facilis ipsam rem qui rerum placeat non accusamus. Qui in doloremque vitae deleniti nobis explicabo ut. Consequatur ullam magni sint et sed qui officia. Ut accusantium distinctio et officiis. Iure soluta at laboriosam soluta excepturi quas autem. Qui consequatur omnis deserunt sint et molestiae quod voluptas. Eos sapiente quia placeat non dolor quam. Et cumque sint minima neque quod dicta harum. Voluptatum quia quis explicabo sed harum eum assumenda. Quaerat aspernatur unde in sunt doloribus. Voluptas neque voluptas fugiat nam exercitationem et quos. Et exercitationem autem reiciendis voluptate et dolores. Quo voluptate accusamus et molestiae aspernatur facilis. Corporis veniam et necessitatibus nostrum adipisci. Sint ea reprehenderit et et. Natus et accusantium sequi voluptatem tempora ratione. Ullam suscipit pariatur ducimus cumque soluta voluptatem. Quo sapiente molestias voluptas omnis. Qui ratione et ratione facere asperiores tenetur. Sunt qui velit sunt quia. Laudantium maiores sed reiciendis optio odio eius. Pariatur ut soluta id enim molestiae laudantium quam. Atque autem labore natus ratione nihil. Porro aut labore quasi inventore nihil ducimus. Quaerat fugiat voluptas assumenda harum libero. Et eum quia tempore est. Voluptatibus optio aut eum reprehenderit officia magnam. Quis sed aut voluptatem similique libero eum. Quia voluptatem quia aut quod quis et est. Odit dolorem nostrum dolores sed rerum et. Amet id enim quia consectetur commodi sequi praesentium. Quidem et ullam ut quia sit unde fugit. Sapiente deleniti reprehenderit velit et dolorum nemo corporis. Eaque qui ea consectetur assumenda accusamus aut.', 'https://via.placeholder.com/1280x720.png/00bb77?text=qui', 1, 5, 11, '2023-11-09 00:20:26', '2023-11-09 00:20:26', '2023-11-09 00:20:26'),
(83, 'suscipit qui optio non.', 'atque-aut-sed-voluptas-dicta-dolorem-autem-quo', 'In atque quibusdam id. Ut numquam quo doloribus praesentium. Facere qui et eligendi molestias.', 'Quaerat quam impedit ut deserunt quia reprehenderit. Totam officia exercitationem quos est commodi voluptatem. Reiciendis sit nulla facilis. Et autem voluptatem labore eveniet eum. Culpa non reprehenderit molestiae. Exercitationem rerum aut temporibus facere ipsum. Non eum quibusdam quia et. Vel impedit et cupiditate natus dolore dicta quisquam. Veritatis molestiae repellendus laudantium voluptas repudiandae ut laborum. Repellat eos hic veritatis molestiae repellendus aut voluptate atque. Et consequatur voluptatem ducimus qui. Natus sunt illo quaerat dolorem laudantium consequatur. Alias distinctio aut dignissimos deserunt. Inventore qui sint molestias porro dicta est. Unde error aliquid consequatur ut eum consequatur. Voluptates aliquam tempora harum exercitationem esse. Eaque laboriosam reiciendis maiores ipsa. Molestiae vel esse ad rerum eum ex sunt. Quia et non fugiat sit ex. Voluptas porro non et excepturi tempore ipsum deleniti. Culpa enim labore porro tempora. Corporis quis a soluta ad. Repellendus quia praesentium occaecati architecto culpa officiis atque dolorem. Sit voluptates hic odit hic ex. Quisquam assumenda velit inventore. Ab est harum doloremque eius et ipsam est. Id vero et voluptas. Modi modi sit non tempore aut. Occaecati delectus voluptate expedita eveniet eaque rem. Vitae id voluptatem et est voluptatibus. Itaque tenetur dignissimos fugit ex beatae ea laborum. Aliquid dolor amet aut labore. Perspiciatis consectetur laudantium autem nemo quos et. Qui voluptas in eaque ut est nihil. Qui non ea officiis deserunt cumque non nihil. Sint quia quis consequatur expedita velit non. Incidunt cumque omnis molestiae laborum consequatur ipsa. Et quia sint magnam ut praesentium saepe. Rerum dolore sapiente soluta consequuntur quam iusto sapiente. Rerum incidunt sunt omnis sequi. Dolor ratione sint omnis itaque nesciunt aut. Animi culpa corrupti ipsam.', 'https://via.placeholder.com/1280x720.png/002211?text=rerum', 0, 4, 16, NULL, '2023-11-09 00:20:26', '2023-11-09 00:20:26'),
(84, 'quasi quo dolore quis.', 'deserunt-nam-accusantium-officiis', 'Illo non molestiae a illo maxime. Repudiandae deleniti mollitia et hic est omnis et. Itaque quia reprehenderit consequatur veritatis. Ratione modi occaecati ullam cupiditate ea.', 'Dolorum eum quas est aliquam dicta. In dolores voluptatem ut autem quidem. Aliquid eum neque rerum dignissimos temporibus animi excepturi. Aut maiores molestiae sit vel. Dicta facere maxime vitae. Tempore quisquam soluta aperiam neque eligendi nobis. Minus molestias possimus incidunt minus. Reiciendis autem aperiam quaerat quidem. Aut minus officiis iusto nostrum. Et ut eos molestiae aliquam dolorem alias eum. Odit facilis et sed autem eum eum. Sed saepe cumque iusto. Illo maiores voluptate repellat est eum. Eos deleniti debitis quisquam perspiciatis ut recusandae. Sunt dolore consequatur quidem itaque ad. Laboriosam suscipit aut officia officia aut. Dicta odio fugiat aut et ut quaerat. In quia ea facere sed cum et libero. Numquam quod possimus laboriosam id placeat accusamus. Sit ut tenetur facilis enim. Placeat doloribus aliquid inventore quia delectus corporis. Quia beatae possimus aut dolorum ut saepe. Et provident pariatur sed enim. Incidunt quae sed earum eum. Debitis eveniet velit est voluptatem dolores voluptas. Excepturi rem doloremque quo a. Quidem quo animi eos molestiae. Veritatis vel et officiis excepturi. Omnis voluptate neque qui rem non iste nihil. Necessitatibus earum libero incidunt sed. Et repudiandae cumque nostrum atque dolorem ullam. Impedit aut consectetur voluptas cum facere laborum. Exercitationem repudiandae aliquam qui alias fugiat. Quas architecto sit et voluptatem ut. Magni sint laborum architecto harum. Ab saepe earum quam fugit pariatur aliquam iusto. Consectetur nisi consequatur est optio fugit et est. Sequi aut doloribus quod quo et. Qui minima velit reprehenderit eligendi modi alias architecto. Corporis dicta culpa fugit provident quo suscipit. Deleniti velit excepturi non nesciunt unde autem. Incidunt explicabo eveniet libero quaerat et. Ut quos iure sunt animi. Nulla et harum assumenda et non sint et est. Voluptatem voluptatem accusamus tenetur molestiae.', 'https://via.placeholder.com/1280x720.png/002255?text=sit', 0, 2, 16, NULL, '2023-11-09 00:20:26', '2023-11-09 00:20:26');
INSERT INTO `posts` (`id`, `title`, `slug`, `excerpt`, `body`, `image_path`, `published`, `category_id`, `user_id`, `published_at`, `created_at`, `updated_at`) VALUES
(85, 'sit deleniti laborum eveniet doloribus rerum architecto porro.', 'ipsam-est-et-voluptas-ducimus-fuga-quod', 'Quis facere illum dolores aut ipsa. Minus odit omnis velit eaque distinctio fuga. Temporibus exercitationem et enim deserunt eveniet rerum.', 'Asperiores ea iste mollitia ullam. Et ad nihil nesciunt molestiae. Dolorum repellendus quas alias quo molestiae in exercitationem officia. Est neque aut sunt quis. Accusantium voluptatem dolorum et aliquam nihil consequatur voluptatem. Natus et quas doloremque vel. Tenetur quidem beatae illum. Et est excepturi ab qui odio ipsa. Voluptate et nisi eligendi sint. At et similique debitis natus. Corrupti cupiditate quae fuga quisquam est minima illum debitis. Deserunt eum ut est a dolorem. Deserunt vel magni libero nam ratione sed minima. Est odit architecto nihil distinctio et eligendi est blanditiis. Et cumque a consequatur. Placeat laborum in voluptatem sunt. Quia et ipsam tempore at. Sed adipisci voluptatem sequi odio qui. Eaque quod accusantium sed nihil illum. Quae laborum debitis animi. Veritatis reprehenderit facere voluptatem dolorem tempora a. Fuga eius qui ad inventore dolorum eveniet. Sequi praesentium enim ratione voluptatum aspernatur accusamus. Ut explicabo qui ipsa officia. Et eaque maxime rerum id. Error explicabo illo laboriosam. Doloribus nostrum qui vel dolore commodi. Tenetur ut iusto ab tempore aliquid. Nam non dolor cupiditate odit. Quia porro asperiores sed eos ea autem. Exercitationem earum tempora veniam est qui. Corporis consequatur qui adipisci est rerum alias veritatis. Possimus dolores sunt tenetur repellendus minus necessitatibus eius et. Voluptatem velit odit quidem. Ipsam molestiae et eligendi ut perferendis. Qui nostrum et consequatur quia totam rem neque aliquid. Aperiam eum dicta dicta quis voluptatem laboriosam vel. Qui dignissimos quisquam omnis veniam tenetur. Et et assumenda labore corrupti. Reprehenderit non nobis asperiores illo ipsa adipisci. Aut voluptatem architecto pariatur ut voluptates nemo. Adipisci earum id dolor quibusdam quia eum. Qui quisquam accusamus et quo ipsam. Qui mollitia molestiae nam iure saepe qui.', 'https://via.placeholder.com/1280x720.png/00aadd?text=ut', 0, 2, 13, NULL, '2023-11-09 00:20:26', '2023-11-09 00:20:26'),
(86, 'necessitatibus quas delectus voluptatem officia animi adipisci sunt.', 'nostrum-quia-ea-a-suscipit-ut-magnam', 'Sed voluptatum dolores soluta quia. Nihil et et et rerum dolorem dignissimos. Ea ut eligendi consequatur mollitia.', 'Minus aliquam vel quisquam ut. Nobis at perspiciatis earum ullam deleniti recusandae. Culpa est ducimus aut. Fuga corporis porro pariatur. Qui necessitatibus eum sunt id distinctio. Voluptas fugiat minus dolor eligendi enim est. Omnis aut quia quo adipisci quia labore. Repellendus aspernatur dolore ullam ex minus. Aliquid doloremque ipsum voluptatem voluptatem alias. Ullam beatae blanditiis cupiditate necessitatibus modi est. Laboriosam omnis aut laudantium quae. Pariatur enim maxime quia sequi voluptatem. Ut nihil et aut nulla id. Sapiente et beatae tempora facere dolorem magni perferendis vel. Molestiae illum quam cum fuga. Eveniet ratione nisi pariatur rerum amet. Neque porro omnis quia ducimus aut nesciunt. Eos nihil sint nisi est voluptates. Rerum cumque molestias et est nihil. Ea quasi est numquam. Ut aspernatur animi dolorem. Sint aliquam consequatur eveniet debitis in culpa autem. Asperiores voluptatibus quia est vero accusamus facilis vel. Ut vero autem sed voluptatem maiores. Doloremque consequatur assumenda adipisci quia corrupti. Aut in eos natus nostrum excepturi quia consectetur aut. Non quidem nulla fugit quia tenetur velit. Aliquid non eum rerum eius dolor et a. Minima quam ipsam tenetur commodi maxime. Alias voluptas ratione laudantium ex velit. Maxime eum nostrum accusamus. Blanditiis tempora accusamus illo inventore. Voluptate quam ipsam aut fugiat. Voluptatem nemo recusandae quis ipsam hic nulla. Alias quam molestiae quisquam aut sunt hic. Vitae saepe accusantium placeat tempora illo. Qui necessitatibus eum ea suscipit perferendis adipisci. Est quibusdam iure est qui quia impedit adipisci. Ipsam asperiores consectetur laudantium. Commodi tempora sapiente beatae a ratione rerum. Ducimus aut sit odio voluptas minima. Voluptatibus totam ab accusamus ipsa quos. Quos distinctio ipsum ullam aut voluptatem natus harum. Veritatis libero ab nesciunt qui consequatur aliquam. Dolor quia ullam et.', 'https://via.placeholder.com/1280x720.png/00ff22?text=temporibus', 0, 3, 10, NULL, '2023-11-09 00:20:26', '2023-11-09 00:20:26'),
(87, 'culpa vero qui cum quaerat et quia atque.', 'laudantium-suscipit-earum-cum', 'Incidunt aliquam cumque quo. Quaerat assumenda architecto enim rerum aut aliquid aut. Et sit architecto repellendus omnis est hic unde. Veritatis aspernatur nesciunt qui iste voluptatem.', 'Dolorem debitis quo totam quaerat nihil officia reiciendis. Voluptas aliquid quia porro fuga fuga et voluptatem. Illo nam praesentium non ab provident. Et minima illo excepturi cupiditate laborum. Nihil dolorum perferendis est ut cumque et voluptatem. Earum iste aut ut esse sit nobis modi. Ex beatae cum sint quasi ut. Cum sunt dolor earum earum. Quis et rem ducimus animi et eum corrupti. Ipsum laudantium qui voluptatem. Ea corporis consectetur voluptate. Quas dignissimos qui distinctio ut qui eligendi. Et et ex non doloribus quis. Sit vel est nisi nobis. Dignissimos praesentium incidunt voluptatem consequuntur aut sit. Labore esse omnis perferendis ut. Magnam et est eius aut laboriosam doloremque culpa. Voluptates voluptatem sit corporis sint quo qui. Est sequi illum perspiciatis aut itaque. Dolore accusantium facere autem. Sunt voluptatem dignissimos dolorum voluptas ea. Illum modi vitae ullam fugiat neque nihil voluptas. Iste sint quibusdam sed atque. Eum excepturi eveniet animi omnis et sed facere. Nostrum necessitatibus provident officia. Enim eligendi magni est sint placeat. Est quam molestiae rerum accusantium qui ut explicabo. Eum nemo nemo molestiae omnis ab deleniti. Qui animi natus doloribus eaque eos. Ut omnis saepe veritatis exercitationem ex ipsum. Ut laudantium natus placeat tempora quaerat voluptate dolor. Ut omnis sed laborum officiis dicta vel minima. Ut quod rerum sit ducimus et. Sit velit facilis assumenda aut necessitatibus non. Qui iure eveniet labore fugit. Dolores rem et adipisci numquam voluptatem est nihil ipsa. Omnis sed velit autem blanditiis. Et autem esse eligendi tempora ut aut. Minima enim est consequuntur laboriosam et et magni quo. Nihil nostrum non cumque suscipit expedita fugit sed perferendis. Explicabo rerum ducimus enim et inventore atque magni. Ut iusto voluptatem natus. Praesentium et vitae voluptatem rem sint. Architecto voluptas autem magnam veritatis unde et laborum dolor.', 'https://via.placeholder.com/1280x720.png/002255?text=necessitatibus', 1, 1, 11, '2023-11-13 00:20:26', '2023-11-09 00:20:26', '2023-11-09 00:20:26'),
(88, 'sint tempora architecto nisi enim placeat possimus.', 'numquam-voluptas-quis-quia-aut', 'Delectus doloribus et sunt repellat. Expedita iusto qui nesciunt nihil. Modi cupiditate sed sed iste ut qui a. Voluptas ut quaerat eum minus sapiente et recusandae.', 'Corporis tempore officia et sit consequuntur aliquam voluptate. Consequatur ea voluptatem eum laborum. Reiciendis et dolorem tempora sequi. Et sit sit veniam fugit praesentium tempore quo. Sequi et nam ex. Eaque id nostrum aut quis nihil. Omnis ut soluta consequatur officiis et voluptates. Tempora sed qui nesciunt reiciendis voluptatibus dolore laudantium autem. Iste fuga voluptatem temporibus commodi et voluptatem veniam. Voluptas est et sint amet nobis unde. Blanditiis eum voluptatem delectus iste dolore. At maiores ea ut ea ipsam voluptatibus et. Accusantium inventore nihil et impedit optio culpa tempora. Magni eligendi ut est repudiandae doloribus. Cupiditate commodi quaerat aspernatur adipisci odio assumenda. Rerum ea vero et quo explicabo ut mollitia omnis. Officia quis architecto error. Omnis sed officiis quia expedita ipsam. Consequatur sunt et consequatur minima in ea doloribus ut. Impedit atque exercitationem et excepturi. Est id voluptas est perspiciatis dicta et. Quia sit sit aut in. Animi dolores animi est iure necessitatibus et et. Quia inventore consequuntur omnis nesciunt repudiandae a qui. Quia sed et molestiae minima culpa exercitationem. Voluptatem sint repellendus architecto aut ut. Blanditiis in consequatur aut reprehenderit quod cumque sunt. Blanditiis esse quia incidunt ex ad nesciunt. Nostrum minima sapiente dicta dolore consequatur rem est. Quis sequi impedit at qui nihil ut. Id et modi necessitatibus aliquid dicta est pariatur ullam. Expedita voluptate et facilis. Dolore voluptatem aut autem quis. Facilis harum fuga qui voluptatem similique voluptatum aperiam. Qui consequatur temporibus quia accusantium similique error quisquam. Saepe est nihil beatae ut. Sit qui soluta et ducimus esse. Neque eligendi ut maxime nulla. Assumenda explicabo ea mollitia. In nesciunt praesentium voluptatem quos molestiae ex id. Qui aliquam aperiam deserunt laborum. Enim expedita sint in non vel. Vero accusamus est voluptatum labore corrupti qui.', 'https://via.placeholder.com/1280x720.png/0033bb?text=est', 1, 1, 16, '2023-11-09 00:20:26', '2023-11-09 00:20:26', '2023-11-09 00:20:26'),
(89, 'nihil sint natus ab qui iste odit.', 'fuga-quaerat-soluta-omnis-velit-vero-dolorem-fugit', 'Est magni aut quia dolor et nulla. Corporis qui maxime sed provident eaque voluptas voluptatem. Illo qui minus molestias laborum. Modi non iusto sed non eum voluptate cumque.', 'Dolorem dolore aliquid quo impedit deleniti quia. Quibusdam consectetur enim odit et laboriosam accusantium autem. Quaerat est quo accusantium qui eaque velit. Distinctio odit mollitia magnam libero repudiandae nulla qui. Veritatis architecto repudiandae possimus voluptatum. Sunt enim provident accusantium aspernatur quasi. Quae est facilis eum hic alias. Sit voluptatem voluptatem ea ut itaque suscipit veritatis. Ut earum ut ipsa sed totam est. Odio similique reprehenderit assumenda sapiente qui voluptatem sequi voluptate. Ducimus architecto officiis quo. Autem quia quae dolorem sunt deleniti doloremque odio. Vel fugiat deleniti reprehenderit facilis inventore. Qui dolorem dolore voluptas nam et pariatur. Voluptates ad voluptatum est. Est quam dolores ipsa dignissimos nihil tempore reprehenderit magni. Maxime omnis quidem esse aut. Ipsam repellat omnis id quia est autem possimus et. Sit quidem sit sunt ut qui incidunt. Libero inventore facilis consequuntur dolore aut impedit. Qui expedita dolor dignissimos. Architecto sequi neque recusandae exercitationem. Libero quidem ipsa aliquam libero quia quam id. Eligendi quod qui nam repellat assumenda. Laborum consectetur sed accusantium recusandae. Delectus consequatur voluptatem placeat id libero deserunt eaque. Aut in minus facilis nobis maxime placeat velit. Voluptatem sit occaecati omnis cupiditate odit voluptates. Dicta eligendi voluptas quam eum magnam ab facilis. Natus minima et dolorum esse ut. Porro atque voluptate doloribus error ut iste reprehenderit dicta. Qui quasi vel et sequi aut officia consequuntur. Quod et doloribus doloremque et. Error qui rem repellendus error vitae minus cupiditate quas. Libero perspiciatis illo amet deserunt animi. Nam quia fugit itaque a sapiente consequatur fugiat. A quia velit aut laudantium.', 'https://via.placeholder.com/1280x720.png/0033aa?text=deleniti', 0, 3, 7, NULL, '2023-11-09 00:20:26', '2023-11-09 00:20:26'),
(90, 'sunt ex optio reiciendis eius.', 'qui-voluptas-et-ut-ut-labore', 'Blanditiis fugiat eum rem et consequatur. Culpa nam aut fugit et eum totam. Culpa fugiat voluptatem nihil quidem. Iure consequatur dolore qui illum blanditiis est tenetur delectus.', 'Impedit amet temporibus temporibus aperiam. Aliquam deserunt inventore molestiae et asperiores velit exercitationem fugit. Ipsum velit non modi omnis est magnam. Explicabo est debitis velit ullam soluta. Mollitia suscipit neque veniam iusto dolor sint. Sunt consequatur cumque architecto quis repudiandae ab quae nobis. Sit qui nostrum minima fugiat. Autem harum odio sapiente possimus ut pariatur. Voluptate totam voluptatem et ipsam eveniet quod eum. Aliquam consectetur eum eligendi velit. Et eius facere impedit quia modi voluptas rem. Aut consequatur velit repellat non dicta et at. Quis quia qui repellat doloribus vitae et. Quod placeat consectetur ea asperiores quisquam nesciunt voluptas. Non ut temporibus sapiente nemo suscipit quis. Unde quisquam suscipit similique fuga nobis delectus sapiente. Praesentium aliquid est mollitia fugiat autem architecto provident accusamus. Magnam voluptatem sit sint mollitia beatae et est. Harum maiores magni in repellat hic. Dolorem eveniet nostrum nobis et. Quam totam hic rerum eius libero nesciunt a. Eos nostrum provident numquam est illo eos soluta. Labore non iure veniam velit. Molestiae nisi sed sit quia aliquam rerum. Eligendi eum et quibusdam. Ipsam qui commodi accusantium fugiat consequatur maiores nesciunt. Id natus ipsum consequatur quasi. Harum voluptas a expedita deserunt maxime. Quis et earum voluptatum maiores ipsa sint molestiae consequatur. Repudiandae totam praesentium veritatis tenetur. Id temporibus ullam labore blanditiis. Harum iusto excepturi mollitia quia. Cumque adipisci fugit eius porro ad. Magni consectetur nisi voluptate non voluptatum voluptatem suscipit. Sit id praesentium sed quo. Et voluptate est voluptates perspiciatis nulla. Aliquam velit laborum et debitis. Voluptas sit illo autem quos voluptatem aut ut. Magnam dolorum nihil explicabo tempora et accusamus explicabo. Vero velit optio est dolor voluptatem qui.', 'https://via.placeholder.com/1280x720.png/001133?text=non', 1, 3, 1, '2023-11-18 00:20:26', '2023-11-09 00:20:26', '2023-11-09 00:20:26'),
(91, 'atque assumenda laudantium quisquam iusto nostrum ut.', 'qui-qui-corrupti-quaerat-a', 'Mollitia officiis aut quis laboriosam et. Repellendus quae repellendus quis ab quidem dolorem. Voluptas neque non voluptates necessitatibus facilis et itaque.', 'Illo consequatur aliquam recusandae numquam voluptas molestiae. Neque autem doloremque eum et rerum maiores odio. Optio est saepe odio explicabo dignissimos. Eius eveniet quis esse assumenda consectetur. Voluptas perferendis iure architecto vel id ut repellendus. Quasi dolorem et reiciendis neque dicta omnis aut. Sunt saepe consequatur sed minima. Amet consequuntur veritatis minima corrupti recusandae autem voluptatibus. Vitae autem ut non sint repellat. Dolores explicabo corrupti velit quibusdam dicta quae recusandae. Voluptatem totam aut quam vel excepturi recusandae. Incidunt cumque accusantium quod rerum iste eum molestias. Quos repudiandae porro inventore voluptatem dolorem ea quam. Neque debitis velit molestiae. Quisquam atque enim asperiores vero voluptas nisi dicta recusandae. Est nisi sed excepturi laboriosam ut et amet voluptatum. Ut sequi consequatur veritatis nostrum est deleniti. Repudiandae ea neque dolorem sapiente consequatur. Consequatur ratione a ex eligendi et rem. Non in consequuntur est qui rerum temporibus ratione. Quam harum eos iste assumenda doloremque. Saepe dolor ipsum nemo esse nostrum est. Temporibus quas temporibus fuga iste nobis neque ad. Voluptas autem architecto consequuntur consequatur ad. Omnis est hic voluptatem nostrum ut. Sint dolor maxime dolor quos dolor. Atque facere repudiandae earum. Beatae porro omnis sed nostrum. Ut pariatur unde quas rem totam. Aliquid odio non tempora rerum sed quod. Eligendi rem veritatis non iure. Nisi officia id aspernatur et. Velit recusandae incidunt labore vitae quod consequuntur enim. Aut ipsa fuga animi deleniti voluptatem quia. Ipsam et nihil provident enim blanditiis voluptatem. Non omnis rerum commodi. Corrupti error ratione et est quo culpa sunt. Quia consequatur vitae placeat aut magni repellat repellat magni. Vero facilis ad qui velit est. In explicabo voluptas libero. Aut quam tenetur qui voluptatibus eaque rem dolorem.', 'https://via.placeholder.com/1280x720.png/004488?text=quod', 0, 3, 10, NULL, '2023-11-09 00:20:26', '2023-11-09 00:20:26'),
(92, 'occaecati adipisci et quos facere sequi.', 'adipisci-voluptatem-repellat-consequatur-mollitia-iure-nulla-vitae', 'Vel minus ab totam laudantium quia neque recusandae. Voluptatum voluptatem alias labore eum. Nostrum cupiditate deleniti consequuntur eos et sequi.', 'Ratione ut beatae delectus maxime quisquam sunt. Et quia qui non fugit iure repellendus rerum. Exercitationem fugiat expedita ipsa dolor in facilis. Ipsum quod rerum autem repudiandae quo sit qui. Minima hic est autem. Veniam voluptas voluptas magnam consequuntur consequuntur id repellendus. Consectetur rerum ex esse maxime qui mollitia sit. Hic nesciunt laudantium sequi. Dolore eum dolorem molestias. Quis unde voluptas est vel rem ut illo. Maiores sit ad aliquid voluptatem tenetur enim. Est voluptas adipisci saepe quibusdam totam suscipit. Iusto quidem quos enim quibusdam nihil quas. Maxime praesentium molestias mollitia est porro eius. Possimus ratione laboriosam sapiente quod incidunt voluptates qui. Voluptatum id et in alias beatae tenetur est dolor. Facilis recusandae voluptatum similique perferendis odio nesciunt nemo. Consequuntur optio eos sint. Necessitatibus ex expedita rerum ratione iure tenetur saepe alias. Quia porro quidem iure hic fuga quia accusamus. Non quibusdam facilis ullam iusto non est. Nam quos dolor excepturi debitis quasi illum hic. Ipsa mollitia est dolore id quae nobis officia cupiditate. Libero sed doloremque error et ullam. Ab ullam consequuntur ex quae veniam saepe. A id vel et facilis voluptatem numquam repudiandae. Sit veritatis deserunt voluptas odit odio voluptas. Sit doloremque natus natus dolor quia labore. Consequatur numquam saepe labore sequi. Odit nesciunt facilis temporibus voluptates numquam ut. Illo hic et ad voluptatem molestiae nihil. Omnis quae rerum nostrum. Est culpa in assumenda voluptatibus. Praesentium unde at harum et. Corporis laudantium occaecati ea quaerat dolores distinctio maiores ut. Laborum veniam magni quam voluptatem qui. Vel et et sed consequatur qui. Aut blanditiis iure occaecati. Animi rerum aut architecto quia explicabo vero ullam.', 'https://via.placeholder.com/1280x720.png/004400?text=et', 0, 1, 13, NULL, '2023-11-09 00:20:26', '2023-11-09 00:20:26'),
(93, 'omnis eum quod dolor voluptatem.', 'in-ad-impedit-vitae-nihil', 'Assumenda nihil ad at blanditiis rerum. Accusamus at quo cupiditate enim illum totam sit.', '<p>Assumenda iure repudiandae nihil ea et eligendi est. Quis perspiciatis corrupti consequatur facere minus sint. Dolore magnam ullam amet sit. Quis consectetur inventore veritatis qui maiores. Neque aliquid eveniet est eligendi. Consequuntur nisi dolor quibusdam molestiae sed. Suscipit minus ducimus officiis quae magnam magni non. Voluptatem ut et quas est quia libero velit qui. Eius autem porro exercitationem voluptatem. Quasi facere dolore beatae eveniet aspernatur. Aut cumque dolore minus rerum non qui enim sit. Iste est sit et. Quibusdam est et molestias nam sit. Placeat consectetur recusandae voluptatem iste alias repellendus et. Eveniet exercitationem a veritatis rerum. Nostrum ut aut sed veritatis aut aspernatur. Ut dolores doloribus qui nemo qui. Ab distinctio est ea amet. Voluptate tempore et enim itaque facilis omnis accusamus veniam. In cum officia dolorum quibusdam qui eveniet. Aut est quia totam. Et alias voluptas ut laborum omnis. Praesentium aut hic ratione. Sint fuga enim et quia saepe veniam iusto. Molestiae reprehenderit earum consequuntur fugiat et labore ducimus. Voluptatem sint quas at deleniti est culpa. Aliquam rerum sit consectetur officia est atque. Perferendis cupiditate doloribus dolor. Eum provident rem rerum nihil facere. Sint minima non aut perspiciatis voluptatibus quo autem soluta. Ut quas sit id consequuntur aut. Facilis facere facere exercitationem eos nobis. Earum voluptas quam impedit vitae non dolor commodi. Est quibusdam repellendus minima ut quas facilis ratione. Cupiditate beatae accusantium qui qui iure reiciendis. Ut iure harum aperiam atque fugit aut velit. Voluptatem et soluta cupiditate. Voluptas alias harum est necessitatibus rerum quia. Et reiciendis rerum sapiente ipsum rem iure voluptate sequi. Illum necessitatibus explicabo voluptatem. Et suscipit laudantium quia aut. Aspernatur recusandae quia non hic. Quidem voluptatum debitis nam modi labore.</p>', 'https://via.placeholder.com/1280x720.png/0088cc?text=suscipit', 1, 5, 1, '2023-11-09 00:20:26', '2023-11-09 00:20:26', '2023-11-18 05:42:18'),
(94, 'atque optio rerum explicabo dolore quae deserunt.', 'maiores-maxime-soluta-ut-ducimus', 'Illum ut et blanditiis dicta necessitatibus voluptas. Debitis pariatur omnis sunt ut autem repudiandae. Perferendis cum ut aliquam ut placeat accusamus ea quis.', 'Natus dolore pariatur nam cupiditate. Qui dignissimos sit sunt harum consequatur ullam. Quisquam velit sit atque est. Est quis aspernatur distinctio. Sunt pariatur libero in temporibus minus non. Laborum voluptates nemo est corporis sunt libero rerum. Blanditiis sit harum repudiandae dolores. Odio ipsa dolor debitis dolor. Unde eos et ut et impedit iste repudiandae. Sequi ducimus numquam nam quo enim quod. Voluptatem ut dolores expedita animi aut voluptate. Culpa cum nam necessitatibus hic quaerat qui. Qui voluptas vero cumque fugit itaque deserunt sint. Ut saepe ducimus et minima sed. Dignissimos in nihil quam dolores amet occaecati minima. Voluptas ex qui qui libero dignissimos. Voluptatem temporibus dolor sequi est est. Dolorum dolorem accusamus omnis temporibus. Dolor minima aperiam quo vel voluptas. In animi quos suscipit eum voluptas molestiae in. Cum unde et quasi voluptatibus ullam ab. Quos maiores qui id sapiente molestiae inventore. Dolorum veniam officia porro voluptas. Non nam et aut mollitia quibusdam corporis nam. Molestias eligendi magnam dolor impedit. Dicta voluptatem neque sint occaecati non. Saepe error pariatur amet aut et dolorem. Enim dignissimos tempora at hic iure. Ut molestiae dolore aut eveniet iste esse molestiae. Error corrupti magnam sit est. Consequatur numquam quia quibusdam recusandae commodi ipsa. Quos distinctio delectus est unde aut quisquam deserunt. Neque aut iure ducimus quia necessitatibus exercitationem est consequatur. Ut voluptates autem eveniet. Est iure aut ut ut molestiae consequatur. Laboriosam cum provident ut officiis. Atque voluptate eius rerum aut sit atque. Occaecati accusantium accusamus illum error alias perspiciatis rerum. Exercitationem rerum culpa ut mollitia commodi sunt ut consequatur. Nulla quidem voluptate illo quia voluptatem. Eos expedita consectetur aperiam architecto vero nihil est. A voluptatem aut provident sit commodi corporis ea pariatur. Odio repellat quaerat eos temporibus.', 'https://via.placeholder.com/1280x720.png/00bbee?text=exercitationem', 1, 2, 14, '2023-11-09 00:20:26', '2023-11-09 00:20:26', '2023-11-09 00:20:26'),
(95, 'rerum quo ea quis sint est in.', 'repellat-iste-praesentium-exercitationem-rerum-amet-rerum-officia-provident', 'Non qui debitis omnis nulla reprehenderit magnam. Et amet vero et voluptas cum debitis beatae. Harum autem atque sequi aut non unde. Neque ea recusandae quia quae.', 'Nobis voluptas labore alias possimus. Eligendi sint odit veniam molestiae animi. Non iusto voluptate totam non. Cupiditate saepe labore odio adipisci sapiente. Ut quo id suscipit. Asperiores porro molestiae ea. Dolores sapiente enim vel aut. Aut nulla qui et earum maxime aspernatur. Voluptatem porro magnam nemo facilis voluptatem assumenda. Harum consectetur dolore sed. Dolores quasi omnis quidem sed. Voluptatem sit autem ut architecto aut repudiandae sint. At ut quasi nostrum eum. Ducimus ex laboriosam eos at laboriosam voluptatibus ab tenetur. Blanditiis porro aut harum nulla ex vel voluptatem. Sit numquam maxime omnis et. Ut dignissimos ullam quibusdam dolorem esse quasi dolore sunt. Enim quia libero magni esse ex tempora ea consequatur. Incidunt quidem aut est quia. Repellendus a eos sit cumque modi nam. Voluptatem qui dolorem nihil qui aut dignissimos. At tempore ullam dolores ipsam qui voluptates ut. Sit ipsam est nam sunt voluptas. Aut vel quasi consequatur doloremque. Quas assumenda laudantium itaque excepturi quibusdam rem. Eligendi est quia sit nemo iste. Similique in aut laboriosam ut soluta maxime non. Nisi praesentium consequatur et laudantium vel. Blanditiis doloribus qui ducimus libero optio amet porro quae. Iste consectetur deserunt unde voluptas. Harum et quidem necessitatibus vel voluptate sapiente tempore. Laudantium amet sequi adipisci et. Aut veniam magnam vel sit tempora consectetur recusandae. Quis rem cupiditate inventore sit dolorum cumque mollitia. Et sit ipsam quis ut fuga pariatur. Reprehenderit quia est tempora suscipit nihil repellat suscipit assumenda. Unde deleniti vero voluptatem ut. Ea ad incidunt aut qui iusto expedita. Magni ex rerum autem vel beatae qui. Sed nulla numquam tempore. Aspernatur fugit modi voluptatum at quos. Aliquam voluptatem possimus ut nemo. Deleniti quibusdam non nihil temporibus corporis. Ex cupiditate voluptatem mollitia molestiae nihil rerum.', 'https://via.placeholder.com/1280x720.png/00dd77?text=tenetur', 0, 5, 16, NULL, '2023-11-09 00:20:26', '2023-11-09 00:20:26'),
(96, 'ut expedita doloribus quisquam dignissimos.', 'enim-autem-et-consectetur-exercitationem-eos-omnis-dolorem', 'Atque iste eligendi quisquam quia. Ex ut adipisci in ad facilis perspiciatis. Esse minima sint consequatur modi fugit.', 'Voluptatem corporis eveniet excepturi natus molestiae dolores neque. Error quas est molestiae eos repellat non deserunt. Quisquam impedit beatae eos voluptates consequatur. In ratione magnam cupiditate cupiditate id nihil. Distinctio asperiores quis magni vitae quas qui nulla. Neque maxime et vel eligendi nobis doloribus eaque. Dolorum et saepe praesentium eos voluptatem odit exercitationem. Rerum tempore provident similique minima alias neque rerum. Dolorem in et quia velit aut cupiditate voluptatem. Reiciendis sint aut dolorem nihil quia voluptates omnis. Voluptas iste nam totam soluta ea iste sequi. Omnis soluta sit fugiat voluptatum. Dolore nihil mollitia quia magnam illum velit ut. Est ut quo reiciendis. Et animi recusandae inventore numquam alias architecto. Nam non ex ut molestiae officia consequatur consectetur doloremque. Soluta minus officia ut magnam sit. Nihil rerum qui eos voluptas consectetur sed excepturi. Corrupti tempore ea eum ut nulla autem molestiae. Expedita facilis recusandae quos consequatur. Ullam maxime nihil omnis libero quidem placeat et. Rerum enim nisi atque repudiandae. Esse delectus amet reiciendis nihil iure et sit ut. Libero ad qui quas perspiciatis. Qui quibusdam architecto eveniet blanditiis. Molestiae qui reprehenderit molestias. Provident ea aut neque voluptate quaerat. Tempore quis in consequatur temporibus quia et. Reiciendis aut maiores asperiores excepturi ipsa. Facere eum qui quas laborum minima et est. Repellendus expedita earum nihil omnis id. Quis quod commodi vel. Dolor vel sequi iste sit voluptatem quibusdam excepturi. Accusantium laborum molestiae quae et. Ducimus ut ut facilis architecto consequatur. Natus earum non rerum incidunt quod. Nisi est vel commodi sunt. Rerum et est ex impedit. Soluta ipsam veniam commodi cupiditate ut tempora. Laudantium accusamus earum sint aut cumque necessitatibus officiis. Voluptatem illum ducimus perspiciatis qui debitis. Et quo est cupiditate doloribus.', 'https://via.placeholder.com/1280x720.png/0044ee?text=itaque', 0, 2, 3, NULL, '2023-11-09 00:20:26', '2023-11-09 00:20:26'),
(97, 'fugiat quis in nam minima eligendi eum.', 'vel-ut-rerum-rerum-natus-non-omnis', 'Debitis molestiae et et corrupti omnis ea nihil. Ipsum quod dolores iste dignissimos similique temporibus sed. Quasi repellat nihil aut earum soluta. Dolores eos in delectus quis deserunt.', 'Magni quo ex dolor architecto veritatis. Molestiae praesentium vel officia nihil natus illo et. Id velit ducimus voluptatibus. Repudiandae sapiente neque nesciunt quisquam cum. Dicta omnis tempore suscipit rerum explicabo voluptatibus. Voluptatem sunt quidem non in esse totam quo. Hic quidem atque nisi esse qui voluptatem nihil. Vel autem enim quisquam magni dolores et. Et ad officiis repudiandae doloribus. Dolor dicta minima rerum saepe dolore tenetur maxime. Doloribus ex doloribus nihil qui velit. Facilis nostrum velit ut. In placeat qui dolore repudiandae. Sit sint qui inventore. Exercitationem veniam ab aut qui dolores qui. Quia dolorem iste atque. Amet magni sint deleniti aperiam. Eligendi eius possimus rerum doloribus autem placeat numquam molestiae. Facilis provident ducimus aut tempora dolorum rerum. Consequatur omnis ab illum. Suscipit omnis explicabo incidunt ratione. Aliquid et qui nesciunt sapiente est voluptatem amet. Et debitis et eligendi minima eius. Voluptas et sequi mollitia rerum. Rerum aut suscipit eaque et. Quia cupiditate tenetur quia aspernatur ducimus alias et. Qui voluptatem aut perspiciatis quia autem quas rem. Minima est sed optio. Voluptatem qui optio cumque. Ut ipsam sunt alias sequi. Sint vel explicabo possimus impedit. Accusamus ipsum cum exercitationem dolor. Minus quia id consequatur tempore error. Ea et tempore qui aliquam dolore. Quasi est omnis exercitationem consequatur. Nemo sit est et eligendi ab. Est sit voluptas quo recusandae labore autem. Saepe quidem optio porro excepturi. Illum ut ipsum officia ut dolor sequi labore. Consectetur labore rerum sit non. Omnis ex doloribus aperiam. Est mollitia sunt ad quidem. Omnis fugit voluptatem quos quisquam quibusdam perspiciatis ut. Autem cum blanditiis nesciunt qui. Sed unde ut dicta et ratione molestiae. Dolorem odio quia dolorum vel optio ab sed nostrum. Voluptates qui quaerat cumque distinctio quam aut eaque. Fugiat dignissimos sunt beatae omnis deserunt voluptas.', 'https://via.placeholder.com/1280x720.png/00dd55?text=quisquam', 1, 1, 6, '2023-11-09 00:20:26', '2023-11-09 00:20:26', '2023-11-09 00:20:26'),
(98, 'eveniet dolor doloremque vel quo alias voluptas.', 'dolores-et-aperiam-consequatur-facere-nulla', 'Eum nemo ullam iste esse recusandae veritatis in. Officia alias dolor molestiae blanditiis modi. Optio ullam eos nam illum fugiat. Minus doloribus atque laborum exercitationem.', 'Facere vero consequatur at. Voluptatem officia aut doloremque possimus suscipit. Eius ut aut ea officiis quibusdam. Voluptatem ex vitae quo laboriosam et veritatis et. Pariatur nisi natus vitae debitis. Quas molestiae totam officia possimus qui itaque rem omnis. Qui mollitia sint sequi et sint aut quisquam. Deleniti culpa sint qui fugit quidem asperiores et. Omnis fuga deleniti soluta. Explicabo deleniti amet aut est eos eum expedita. Blanditiis recusandae labore qui eum et iusto. Porro nesciunt possimus recusandae illo rerum soluta similique iste. Atque earum ab blanditiis ut cum totam. Suscipit est voluptatem eligendi architecto dolores accusamus. Aliquam praesentium blanditiis iure deleniti illum. Aut cupiditate maxime omnis sint itaque. Aperiam mollitia incidunt laborum ut ullam corrupti. Eius quas omnis et placeat earum fugiat. Asperiores soluta harum optio animi. In nihil minima dolorem expedita et. Voluptatem et sapiente vel recusandae. Dolorem nam eveniet blanditiis praesentium at nihil. Sit recusandae repellat aut incidunt. Accusantium nostrum est occaecati cum a modi vero. Est dolor neque excepturi quos. Voluptas quos sed quia accusantium vitae. Cum et sapiente et cum accusantium. Reprehenderit alias quo adipisci autem ipsa sunt vitae et. Dolor delectus labore qui quisquam. Numquam in non unde enim porro. Qui nihil qui omnis. Dolor veniam saepe consequuntur vel. Eos praesentium reprehenderit et consequatur soluta veniam consequatur. Quo adipisci illum qui ipsam earum maxime error. Odio quidem temporibus mollitia dolor. Laboriosam ipsam rerum est quo. Voluptas vitae minus quas dicta sapiente eos aut. Deserunt dolores et dolores eos. Quasi ad voluptate nihil reprehenderit aut dolores. Soluta quibusdam aut modi dolor eaque reprehenderit quae. Et sint illum id quis voluptatibus magni dolorum. Quam voluptatem culpa libero. Eaque voluptatem sint culpa eum eum qui pariatur. Quae ut quis eligendi suscipit cupiditate commodi.', 'https://via.placeholder.com/1280x720.png/0055dd?text=aut', 1, 1, 8, '2023-11-09 00:20:26', '2023-11-09 00:20:26', '2023-11-09 00:20:26'),
(99, 'maxime cum alias quia quo.', 'dolorem-dolorem-tempora-voluptate-ut-est-id-qui-possimus', 'Aut non soluta repellendus quis vero porro omnis. Deserunt velit vero omnis distinctio.', '<p>Est voluptatem et hic deleniti. Commodi quisquam et omnis at earum nihil nulla. Rem reprehenderit et aperiam eos voluptate. Omnis corporis minima nulla accusantium tenetur. Qui qui nulla sapiente officia perferendis omnis aperiam reprehenderit. Et consectetur cumque minima debitis consectetur blanditiis aut saepe. Ut aspernatur ut et voluptate. Odit sunt iste velit pariatur. Voluptas maxime velit rem sit et laudantium. Possimus rem labore aut illum enim eveniet. Culpa et commodi velit voluptatem et hic quia. Placeat dolore ipsam dicta itaque soluta aperiam. In dicta non ipsa. Adipisci saepe ad aut illo pariatur aliquid voluptatibus sunt. Voluptatem aut ratione voluptas doloremque eos. Qui possimus dignissimos ea. Maxime nobis repellendus ab rerum accusantium. Non recusandae eligendi nostrum quaerat ex rerum expedita cumque. Et qui in corrupti officiis sapiente. Vel enim quam reiciendis unde earum amet assumenda. Exercitationem aliquam corrupti qui voluptatem ab sed. Perspiciatis quia molestiae et incidunt sed. Dolor eos cupiditate atque laborum corrupti aliquam expedita. Reiciendis et ab autem aliquid est cupiditate sapiente. Et aspernatur esse quaerat quisquam dolor occaecati. Sed et fugiat voluptatem. Impedit natus sit nobis ipsam qui nostrum. Magni est voluptate aliquam dolor temporibus explicabo pariatur. Ut inventore et doloremque reiciendis in. Vel similique ut inventore et et velit. Eos placeat fugiat est. Quasi magnam doloribus cum quae quia ea. Rerum dignissimos dicta aliquam facilis et. Dolores culpa rem autem. Aperiam laudantium inventore commodi aperiam. Eveniet aut sequi repellat saepe voluptatem. Sed laborum ea ex. Quae laborum non aut enim. Aut ipsam autem dolorem qui. Libero ut sint reiciendis reiciendis sint. Laudantium ea laboriosam at illo cum consectetur. Consequatur magnam odio ea ad itaque nostrum harum. Praesentium id ipsam ut vitae temporibus soluta explicabo. Rerum minima fugiat cupiditate reiciendis.</p>', 'posts/dolorem-dolorem-tempora-voluptate-ut-est-id-qui-possimus.png', 1, 1, 1, '2023-11-22 00:20:26', '2023-11-09 00:20:26', '2023-11-09 18:15:08'),
(100, 'porro sapiente nihil unde et autem voluptas et.', 'repudiandae-laboriosam-sit-qui-nemo-voluptatem', 'Accusantium tempore ut voluptatibus sed nam. Ea corporis eum in. Architecto asperiores beatae autem ex occaecati debitis. Aut ut adipisci perspiciatis architecto ratione omnis.', 'Qui sunt amet ab veritatis sit. Cumque iure nulla omnis soluta. Voluptas tempora ut est eveniet tenetur placeat perspiciatis. Rerum dolores consequuntur cupiditate dolorem et. Odio ratione molestiae dolorem dolor. Cumque eveniet sequi ut architecto nostrum labore. Ipsa nostrum ratione voluptas reprehenderit. Nemo quibusdam nesciunt repellat fugit aut. Sequi culpa officia perferendis distinctio labore qui quidem. Sit eaque vitae autem officiis. Alias nam voluptatem aut omnis est occaecati tempore. Voluptas in enim odit harum totam ratione. Et neque soluta sapiente eveniet exercitationem dolorem veritatis. Ullam vero officia porro veniam aut itaque. Sed necessitatibus sequi porro. Beatae delectus et quaerat veritatis aut quidem impedit dolor. Praesentium debitis aut quidem consequuntur dolor explicabo laborum. Dicta ut molestias itaque autem sed. Quo et perferendis atque quisquam facilis minus animi beatae. At labore qui dolores sint ipsam vero quae. Quia rerum qui eos. Sed aut unde voluptatem rem doloremque qui cupiditate sed. Eius explicabo et fugiat saepe nam ut excepturi minima. At ab et repudiandae harum et quisquam. Illum quia deleniti repudiandae excepturi corporis quos. Quia iste reprehenderit praesentium ipsa. Nulla aliquid ea cum magni totam esse quia. Illum dolorum earum exercitationem error illum quia quo. Praesentium atque sed suscipit ea molestiae. Voluptates est cum illo voluptas. Nemo inventore molestias alias voluptatibus. Accusamus rerum voluptatem est quam sit repellendus. Quia eveniet nostrum sed hic tempore sunt consequatur. Labore ratione at perspiciatis ipsam sequi sequi. Qui est voluptas quia ut non suscipit laudantium. Quod sint atque aut id in natus esse. Dolore voluptatem qui amet sed in excepturi modi. Distinctio architecto assumenda qui voluptatum. Mollitia vel et voluptatem et nemo eum et et.', 'https://via.placeholder.com/1280x720.png/006633?text=laborum', 1, 3, 14, '2023-11-09 00:20:26', '2023-11-09 00:20:26', '2023-11-09 00:20:26');

-- --------------------------------------------------------

--
-- Estructura de tabla para la tabla `roles`
--

CREATE TABLE `roles` (
  `id` bigint(20) UNSIGNED NOT NULL,
  `name` varchar(255) NOT NULL,
  `guard_name` varchar(255) NOT NULL,
  `created_at` timestamp NULL DEFAULT NULL,
  `updated_at` timestamp NULL DEFAULT NULL
) ENGINE=InnoDB DEFAULT CHARSET=utf8mb4 COLLATE=utf8mb4_unicode_ci;

--
-- Volcado de datos para la tabla `roles`
--

INSERT INTO `roles` (`id`, `name`, `guard_name`, `created_at`, `updated_at`) VALUES
(1, 'Admin', 'web', '2023-11-09 00:23:56', '2023-11-09 00:23:56'),
(2, 'Blogger', 'web', '2023-11-09 00:24:07', '2023-11-09 00:24:07');

-- --------------------------------------------------------

--
-- Estructura de tabla para la tabla `role_has_permissions`
--

CREATE TABLE `role_has_permissions` (
  `permission_id` bigint(20) UNSIGNED NOT NULL,
  `role_id` bigint(20) UNSIGNED NOT NULL
) ENGINE=InnoDB DEFAULT CHARSET=utf8mb4 COLLATE=utf8mb4_unicode_ci;

--
-- Volcado de datos para la tabla `role_has_permissions`
--

INSERT INTO `role_has_permissions` (`permission_id`, `role_id`) VALUES
(1, 1),
(1, 2),
(2, 1),
(3, 1),
(3, 2),
(4, 1),
(5, 1),
(6, 1);

-- --------------------------------------------------------

--
-- Estructura de tabla para la tabla `sessions`
--

CREATE TABLE `sessions` (
  `id` varchar(255) NOT NULL,
  `user_id` bigint(20) UNSIGNED DEFAULT NULL,
  `ip_address` varchar(45) DEFAULT NULL,
  `user_agent` text DEFAULT NULL,
  `payload` longtext NOT NULL,
  `last_activity` int(11) NOT NULL
) ENGINE=InnoDB DEFAULT CHARSET=utf8mb4 COLLATE=utf8mb4_unicode_ci;

--
-- Volcado de datos para la tabla `sessions`
--

INSERT INTO `sessions` (`id`, `user_id`, `ip_address`, `user_agent`, `payload`, `last_activity`) VALUES
('saOhyudIRBnBtPCUS9g27sRya7ACen8ctaLkepgs', 1, '127.0.0.1', 'Mozilla/5.0 (Windows NT 10.0; Win64; x64) AppleWebKit/537.36 (KHTML, like Gecko) Chrome/119.0.0.0 Safari/537.36', 'YTo1OntzOjY6Il90b2tlbiI7czo0MDoic1Y4QWNCUHNweGN0RFFNbjBhMkRpT1lVMWhKTHVCTzJ3TFI2aTRnNyI7czo2OiJfZmxhc2giO2E6Mjp7czozOiJvbGQiO2E6MDp7fXM6MzoibmV3IjthOjA6e319czo5OiJfcHJldmlvdXMiO2E6MTp7czozOiJ1cmwiO3M6MTY6Imh0dHA6Ly9ibG9nLnRlc3QiO31zOjUwOiJsb2dpbl93ZWJfNTliYTM2YWRkYzJiMmY5NDAxNTgwZjAxNGM3ZjU4ZWE0ZTMwOTg5ZCI7aToxO3M6MjE6InBhc3N3b3JkX2hhc2hfc2FuY3R1bSI7czo2MDoiJDJ5JDEwJFBTMThwU0g1cGxFaVlKbnEubDR5NC5qbkFRL211SURLSXM2VkJ4MDFrMnZRR0ZmSW5hem9DIjt9', 1700765589);

-- --------------------------------------------------------

--
-- Estructura de tabla para la tabla `taggables`
--

CREATE TABLE `taggables` (
  `id` bigint(20) UNSIGNED NOT NULL,
  `tag_id` bigint(20) UNSIGNED NOT NULL,
  `taggable_type` varchar(255) NOT NULL,
  `taggable_id` bigint(20) UNSIGNED NOT NULL,
  `created_at` timestamp NULL DEFAULT NULL,
  `updated_at` timestamp NULL DEFAULT NULL
) ENGINE=InnoDB DEFAULT CHARSET=utf8mb4 COLLATE=utf8mb4_unicode_ci;

--
-- Volcado de datos para la tabla `taggables`
--

INSERT INTO `taggables` (`id`, `tag_id`, `taggable_type`, `taggable_id`, `created_at`, `updated_at`) VALUES
(1, 1, 'App\\Models\\Post', 99, NULL, NULL),
(2, 1, 'App\\Models\\Post', 37, NULL, NULL),
(3, 2, 'App\\Models\\Post', 93, NULL, NULL),
(4, 4, 'App\\Models\\Post', 99, NULL, NULL);

-- --------------------------------------------------------

--
-- Estructura de tabla para la tabla `tags`
--

CREATE TABLE `tags` (
  `id` bigint(20) UNSIGNED NOT NULL,
  `name` varchar(255) NOT NULL,
  `created_at` timestamp NULL DEFAULT NULL,
  `updated_at` timestamp NULL DEFAULT NULL
) ENGINE=InnoDB DEFAULT CHARSET=utf8mb4 COLLATE=utf8mb4_unicode_ci;

--
-- Volcado de datos para la tabla `tags`
--

INSERT INTO `tags` (`id`, `name`, `created_at`, `updated_at`) VALUES
(1, 'laravel', '2023-11-09 00:20:26', '2023-11-09 00:20:26'),
(2, 'vue', '2023-11-09 00:20:26', '2023-11-09 00:20:26'),
(3, 'react', '2023-11-09 00:20:26', '2023-11-09 00:20:26'),
(4, 'Livewire', '2023-11-18 06:16:33', '2023-11-18 06:16:33');

-- --------------------------------------------------------

--
-- Estructura de tabla para la tabla `users`
--

CREATE TABLE `users` (
  `id` bigint(20) UNSIGNED NOT NULL,
  `name` varchar(255) NOT NULL,
  `email` varchar(255) NOT NULL,
  `email_verified_at` timestamp NULL DEFAULT NULL,
  `password` varchar(255) NOT NULL,
  `two_factor_secret` text DEFAULT NULL,
  `two_factor_recovery_codes` text DEFAULT NULL,
  `two_factor_confirmed_at` timestamp NULL DEFAULT NULL,
  `remember_token` varchar(100) DEFAULT NULL,
  `current_team_id` bigint(20) UNSIGNED DEFAULT NULL,
  `profile_photo_path` varchar(2048) DEFAULT NULL,
  `created_at` timestamp NULL DEFAULT NULL,
  `updated_at` timestamp NULL DEFAULT NULL
) ENGINE=InnoDB DEFAULT CHARSET=utf8mb4 COLLATE=utf8mb4_unicode_ci;

--
-- Volcado de datos para la tabla `users`
--

INSERT INTO `users` (`id`, `name`, `email`, `email_verified_at`, `password`, `two_factor_secret`, `two_factor_recovery_codes`, `two_factor_confirmed_at`, `remember_token`, `current_team_id`, `profile_photo_path`, `created_at`, `updated_at`) VALUES
(1, 'José Garrido Silva', 'r4gnarc0de@gmail.com', '2023-11-09 00:20:26', '$2y$10$PS18pSH5plEiYJnq.l4y4.jnAQ/muIDKIs6VBx01k2vQGFfInazoC', NULL, NULL, NULL, '8QmhKVnmkQXi0CMJk6rMDeneKZA8fHIBeazA1qXHC3dtdpnBR46zzvOzcK4m', NULL, NULL, '2023-11-09 00:20:26', '2023-11-09 05:32:59'),
(2, 'mrrobot', 'mrrobot@gmail.com', '2023-11-09 00:20:26', '$2y$10$Xf6xNq3aeaxPxP7hmLL8HOzuK2hxuDby6tvdPRerONCrMW3NNF/XO', NULL, NULL, NULL, 'nt79rW5nx64wFYYLqVpOvVhIece5BMZmGXiqTdzu9HGGsRYxwLGbxXAozaGV', NULL, NULL, '2023-11-09 00:20:26', '2023-11-09 00:29:57'),
(3, 'primer blogger', 'blogger1@gmail.com', '2023-11-09 00:20:26', '$2y$10$QD2WX2/jWwG2Pq3.P7Sspu7CbytRLf/x/fS7m.akONPJ6zjGfkVmS', NULL, NULL, NULL, 'XgfPgS9Bvk', NULL, NULL, '2023-11-09 00:20:26', '2023-11-09 00:32:53'),
(4, 'gonzalete', 'gonzalete@cototo.cl', '2023-11-09 00:20:26', '$2y$10$EfNtRlbAOy1wT0Luj2ewleWE5IINRLSP0umQ5ffGi2THBy93CfCVS', NULL, NULL, NULL, 'gNs9qVD8sianyHrnzVoc0VfzCcoD0rmusCB8b6iADGuBBUpx1UlonyjKUZJa', NULL, NULL, '2023-11-09 00:20:26', '2023-11-09 17:14:16'),
(5, 'Muhammad Legros', 'janie.conn@example.net', '2023-11-09 00:20:26', '$2y$10$92IXUNpkjO0rOQ5byMi.Ye4oKoEa3Ro9llC/.og/at2.uheWG/igi', NULL, NULL, NULL, 'z0drTnghgR', NULL, NULL, '2023-11-09 00:20:26', '2023-11-09 00:20:26'),
(6, 'Davon Greenfelder', 'elenor36@example.com', '2023-11-09 00:20:26', '$2y$10$92IXUNpkjO0rOQ5byMi.Ye4oKoEa3Ro9llC/.og/at2.uheWG/igi', NULL, NULL, NULL, 'IdaCxtn3Lh', NULL, NULL, '2023-11-09 00:20:26', '2023-11-09 00:20:26'),
(7, 'Mr. Nathan Purdy PhD', 'keebler.brandon@example.org', '2023-11-09 00:20:26', '$2y$10$92IXUNpkjO0rOQ5byMi.Ye4oKoEa3Ro9llC/.og/at2.uheWG/igi', NULL, NULL, NULL, 'iUX8Onl4ah', NULL, NULL, '2023-11-09 00:20:26', '2023-11-09 00:20:26'),
(8, 'Ephraim Jenkins', 'hackett.monserrat@example.com', '2023-11-09 00:20:26', '$2y$10$92IXUNpkjO0rOQ5byMi.Ye4oKoEa3Ro9llC/.og/at2.uheWG/igi', NULL, NULL, NULL, '74PTFICeHH', NULL, NULL, '2023-11-09 00:20:26', '2023-11-09 00:20:26'),
(9, 'Dominic Heaney', 'sonia55@example.net', '2023-11-09 00:20:26', '$2y$10$92IXUNpkjO0rOQ5byMi.Ye4oKoEa3Ro9llC/.og/at2.uheWG/igi', NULL, NULL, NULL, 'KhDeceNlMS', NULL, NULL, '2023-11-09 00:20:26', '2023-11-09 00:20:26'),
(10, 'Emanuel Tromp', 'kbailey@example.com', '2023-11-09 00:20:26', '$2y$10$92IXUNpkjO0rOQ5byMi.Ye4oKoEa3Ro9llC/.og/at2.uheWG/igi', NULL, NULL, NULL, 'YC8wljUQeV', NULL, NULL, '2023-11-09 00:20:26', '2023-11-09 00:20:26'),
(11, 'Angelina Schumm', 'rath.may@example.net', '2023-11-09 00:20:26', '$2y$10$92IXUNpkjO0rOQ5byMi.Ye4oKoEa3Ro9llC/.og/at2.uheWG/igi', NULL, NULL, NULL, 'B9HujuSgmI', NULL, NULL, '2023-11-09 00:20:26', '2023-11-09 00:20:26'),
(12, 'Claudie Rosenbaum', 'damore.brain@example.org', '2023-11-09 00:20:26', '$2y$10$92IXUNpkjO0rOQ5byMi.Ye4oKoEa3Ro9llC/.og/at2.uheWG/igi', NULL, NULL, NULL, '7hPDp7y7qj', NULL, NULL, '2023-11-09 00:20:26', '2023-11-09 00:20:26'),
(13, 'Esmeralda Kunde', 'christ.wiegand@example.net', '2023-11-09 00:20:26', '$2y$10$92IXUNpkjO0rOQ5byMi.Ye4oKoEa3Ro9llC/.og/at2.uheWG/igi', NULL, NULL, NULL, 'VYFHW5j5cx', NULL, NULL, '2023-11-09 00:20:26', '2023-11-09 00:20:26'),
(14, 'Dr. Emery Schuster', 'hleannon@example.net', '2023-11-09 00:20:26', '$2y$10$92IXUNpkjO0rOQ5byMi.Ye4oKoEa3Ro9llC/.og/at2.uheWG/igi', NULL, NULL, NULL, 'Q4Lqu55OHx', NULL, NULL, '2023-11-09 00:20:26', '2023-11-09 00:20:26'),
(15, 'Rachael Marks', 'hegmann.ferne@example.net', '2023-11-09 00:20:26', '$2y$10$92IXUNpkjO0rOQ5byMi.Ye4oKoEa3Ro9llC/.og/at2.uheWG/igi', NULL, NULL, NULL, 'q4SI1c8VIP', NULL, NULL, '2023-11-09 00:20:26', '2023-11-09 00:20:26'),
(16, 'Raoul Rolfson', 'mohamed.hoeger@example.com', '2023-11-09 00:20:26', '$2y$10$92IXUNpkjO0rOQ5byMi.Ye4oKoEa3Ro9llC/.og/at2.uheWG/igi', NULL, NULL, NULL, 'ZVOBIuTcTV', NULL, NULL, '2023-11-09 00:20:26', '2023-11-09 00:20:26'),
(17, 'Jeromy Botsford', 'schroeder.omari@example.com', '2023-11-09 00:20:26', '$2y$10$92IXUNpkjO0rOQ5byMi.Ye4oKoEa3Ro9llC/.og/at2.uheWG/igi', NULL, NULL, NULL, 'GWqZGvDT42', NULL, NULL, '2023-11-09 00:20:26', '2023-11-09 00:20:26'),
(18, 'Orval Hagenes', 'norene47@example.com', '2023-11-09 00:20:26', '$2y$10$92IXUNpkjO0rOQ5byMi.Ye4oKoEa3Ro9llC/.og/at2.uheWG/igi', NULL, NULL, NULL, '8WYjjawLOC', NULL, NULL, '2023-11-09 00:20:26', '2023-11-09 00:20:26'),
(19, 'Dr. Benjamin Padberg DDS', 'sophie.mclaughlin@example.net', '2023-11-09 00:20:26', '$2y$10$92IXUNpkjO0rOQ5byMi.Ye4oKoEa3Ro9llC/.og/at2.uheWG/igi', NULL, NULL, NULL, '4XXPqskCNv', NULL, NULL, '2023-11-09 00:20:26', '2023-11-09 00:20:26'),
(20, 'Andy Strosin', 'christelle87@example.org', '2023-11-09 00:20:26', '$2y$10$92IXUNpkjO0rOQ5byMi.Ye4oKoEa3Ro9llC/.og/at2.uheWG/igi', NULL, NULL, NULL, 'jE59aXAWeN', NULL, NULL, '2023-11-09 00:20:26', '2023-11-09 00:20:26'),
(21, 'Savannah Fahey', 'kassulke.arvid@example.org', '2023-11-09 00:20:26', '$2y$10$92IXUNpkjO0rOQ5byMi.Ye4oKoEa3Ro9llC/.og/at2.uheWG/igi', NULL, NULL, NULL, 'L7nnfvOUaW', NULL, NULL, '2023-11-09 00:20:26', '2023-11-09 00:20:26');

--
-- Índices para tablas volcadas
--

--
-- Indices de la tabla `categories`
--
ALTER TABLE `categories`
  ADD PRIMARY KEY (`id`);

--
-- Indices de la tabla `comments`
--
ALTER TABLE `comments`
  ADD PRIMARY KEY (`id`),
  ADD KEY `comments_user_id_foreign` (`user_id`),
  ADD KEY `comments_commentable_type_commentable_id_index` (`commentable_type`,`commentable_id`);

--
-- Indices de la tabla `failed_jobs`
--
ALTER TABLE `failed_jobs`
  ADD PRIMARY KEY (`id`),
  ADD UNIQUE KEY `failed_jobs_uuid_unique` (`uuid`);

--
-- Indices de la tabla `images`
--
ALTER TABLE `images`
  ADD PRIMARY KEY (`id`),
  ADD KEY `images_imageable_type_imageable_id_index` (`imageable_type`,`imageable_id`);

--
-- Indices de la tabla `migrations`
--
ALTER TABLE `migrations`
  ADD PRIMARY KEY (`id`);

--
-- Indices de la tabla `model_has_permissions`
--
ALTER TABLE `model_has_permissions`
  ADD PRIMARY KEY (`permission_id`,`model_id`,`model_type`),
  ADD KEY `model_has_permissions_model_id_model_type_index` (`model_id`,`model_type`);

--
-- Indices de la tabla `model_has_roles`
--
ALTER TABLE `model_has_roles`
  ADD PRIMARY KEY (`role_id`,`model_id`,`model_type`),
  ADD KEY `model_has_roles_model_id_model_type_index` (`model_id`,`model_type`);

--
-- Indices de la tabla `password_reset_tokens`
--
ALTER TABLE `password_reset_tokens`
  ADD PRIMARY KEY (`email`);

--
-- Indices de la tabla `permissions`
--
ALTER TABLE `permissions`
  ADD PRIMARY KEY (`id`),
  ADD UNIQUE KEY `permissions_name_guard_name_unique` (`name`,`guard_name`);

--
-- Indices de la tabla `personal_access_tokens`
--
ALTER TABLE `personal_access_tokens`
  ADD PRIMARY KEY (`id`),
  ADD UNIQUE KEY `personal_access_tokens_token_unique` (`token`),
  ADD KEY `personal_access_tokens_tokenable_type_tokenable_id_index` (`tokenable_type`,`tokenable_id`);

--
-- Indices de la tabla `posts`
--
ALTER TABLE `posts`
  ADD PRIMARY KEY (`id`),
  ADD UNIQUE KEY `posts_slug_unique` (`slug`),
  ADD KEY `posts_category_id_foreign` (`category_id`),
  ADD KEY `posts_user_id_foreign` (`user_id`);

--
-- Indices de la tabla `roles`
--
ALTER TABLE `roles`
  ADD PRIMARY KEY (`id`),
  ADD UNIQUE KEY `roles_name_guard_name_unique` (`name`,`guard_name`);

--
-- Indices de la tabla `role_has_permissions`
--
ALTER TABLE `role_has_permissions`
  ADD PRIMARY KEY (`permission_id`,`role_id`),
  ADD KEY `role_has_permissions_role_id_foreign` (`role_id`);

--
-- Indices de la tabla `sessions`
--
ALTER TABLE `sessions`
  ADD PRIMARY KEY (`id`),
  ADD KEY `sessions_user_id_index` (`user_id`),
  ADD KEY `sessions_last_activity_index` (`last_activity`);

--
-- Indices de la tabla `taggables`
--
ALTER TABLE `taggables`
  ADD PRIMARY KEY (`id`),
  ADD KEY `taggables_tag_id_foreign` (`tag_id`),
  ADD KEY `taggables_taggable_type_taggable_id_index` (`taggable_type`,`taggable_id`);

--
-- Indices de la tabla `tags`
--
ALTER TABLE `tags`
  ADD PRIMARY KEY (`id`);

--
-- Indices de la tabla `users`
--
ALTER TABLE `users`
  ADD PRIMARY KEY (`id`),
  ADD UNIQUE KEY `users_email_unique` (`email`);

--
-- AUTO_INCREMENT de las tablas volcadas
--

--
-- AUTO_INCREMENT de la tabla `categories`
--
ALTER TABLE `categories`
  MODIFY `id` bigint(20) UNSIGNED NOT NULL AUTO_INCREMENT, AUTO_INCREMENT=6;

--
-- AUTO_INCREMENT de la tabla `comments`
--
ALTER TABLE `comments`
  MODIFY `id` bigint(20) UNSIGNED NOT NULL AUTO_INCREMENT;

--
-- AUTO_INCREMENT de la tabla `failed_jobs`
--
ALTER TABLE `failed_jobs`
  MODIFY `id` bigint(20) UNSIGNED NOT NULL AUTO_INCREMENT;

--
-- AUTO_INCREMENT de la tabla `images`
--
ALTER TABLE `images`
  MODIFY `id` bigint(20) UNSIGNED NOT NULL AUTO_INCREMENT;

--
-- AUTO_INCREMENT de la tabla `migrations`
--
ALTER TABLE `migrations`
  MODIFY `id` int(10) UNSIGNED NOT NULL AUTO_INCREMENT, AUTO_INCREMENT=16;

--
-- AUTO_INCREMENT de la tabla `permissions`
--
ALTER TABLE `permissions`
  MODIFY `id` bigint(20) UNSIGNED NOT NULL AUTO_INCREMENT, AUTO_INCREMENT=7;

--
-- AUTO_INCREMENT de la tabla `personal_access_tokens`
--
ALTER TABLE `personal_access_tokens`
  MODIFY `id` bigint(20) UNSIGNED NOT NULL AUTO_INCREMENT;

--
-- AUTO_INCREMENT de la tabla `posts`
--
ALTER TABLE `posts`
  MODIFY `id` bigint(20) UNSIGNED NOT NULL AUTO_INCREMENT, AUTO_INCREMENT=101;

--
-- AUTO_INCREMENT de la tabla `roles`
--
ALTER TABLE `roles`
  MODIFY `id` bigint(20) UNSIGNED NOT NULL AUTO_INCREMENT, AUTO_INCREMENT=3;

--
-- AUTO_INCREMENT de la tabla `taggables`
--
ALTER TABLE `taggables`
  MODIFY `id` bigint(20) UNSIGNED NOT NULL AUTO_INCREMENT, AUTO_INCREMENT=5;

--
-- AUTO_INCREMENT de la tabla `tags`
--
ALTER TABLE `tags`
  MODIFY `id` bigint(20) UNSIGNED NOT NULL AUTO_INCREMENT, AUTO_INCREMENT=5;

--
-- AUTO_INCREMENT de la tabla `users`
--
ALTER TABLE `users`
  MODIFY `id` bigint(20) UNSIGNED NOT NULL AUTO_INCREMENT, AUTO_INCREMENT=22;

--
-- Restricciones para tablas volcadas
--

--
-- Filtros para la tabla `comments`
--
ALTER TABLE `comments`
  ADD CONSTRAINT `comments_user_id_foreign` FOREIGN KEY (`user_id`) REFERENCES `users` (`id`);

--
-- Filtros para la tabla `model_has_permissions`
--
ALTER TABLE `model_has_permissions`
  ADD CONSTRAINT `model_has_permissions_permission_id_foreign` FOREIGN KEY (`permission_id`) REFERENCES `permissions` (`id`) ON DELETE CASCADE;

--
-- Filtros para la tabla `model_has_roles`
--
ALTER TABLE `model_has_roles`
  ADD CONSTRAINT `model_has_roles_role_id_foreign` FOREIGN KEY (`role_id`) REFERENCES `roles` (`id`) ON DELETE CASCADE;

--
-- Filtros para la tabla `posts`
--
ALTER TABLE `posts`
  ADD CONSTRAINT `posts_category_id_foreign` FOREIGN KEY (`category_id`) REFERENCES `categories` (`id`),
  ADD CONSTRAINT `posts_user_id_foreign` FOREIGN KEY (`user_id`) REFERENCES `users` (`id`);

--
-- Filtros para la tabla `role_has_permissions`
--
ALTER TABLE `role_has_permissions`
  ADD CONSTRAINT `role_has_permissions_permission_id_foreign` FOREIGN KEY (`permission_id`) REFERENCES `permissions` (`id`) ON DELETE CASCADE,
  ADD CONSTRAINT `role_has_permissions_role_id_foreign` FOREIGN KEY (`role_id`) REFERENCES `roles` (`id`) ON DELETE CASCADE;

--
-- Filtros para la tabla `taggables`
--
ALTER TABLE `taggables`
  ADD CONSTRAINT `taggables_tag_id_foreign` FOREIGN KEY (`tag_id`) REFERENCES `tags` (`id`);
COMMIT;

/*!40101 SET CHARACTER_SET_CLIENT=@OLD_CHARACTER_SET_CLIENT */;
/*!40101 SET CHARACTER_SET_RESULTS=@OLD_CHARACTER_SET_RESULTS */;
/*!40101 SET COLLATION_CONNECTION=@OLD_COLLATION_CONNECTION */;
